Using pre-set license
Built from '2022.3/staging' branch; Version is '2022.3.42f1 (2dcb6a0abc42) revision 3001194'; Using compiler version '192829333'; Build Type 'Release'
OS: 'Windows 10  (10.0.19045) 64bit Professional' Language: 'en' Physical Memory: 31861 MB
BatchMode: 1, IsHumanControllingUs: 0, StartBugReporterOnCrash: 0, Is64bit: 1, IsPro: 1

COMMAND LINE ARGUMENTS:
C:\Program Files\Unity\Hub\Editor\2022.3.42f1\Editor\Unity.exe
-adb2
-batchMode
-noUpm
-name
AssetImportWorker4
-projectPath
C:/Users/Jasmine/Documents/GitHub/Cogent Lab/ixr-testbed-prototype
-logFile
Logs/AssetImportWorker4.log
-srvPort
55380
Successfully changed project path to: C:/Users/Jasmine/Documents/GitHub/Cogent Lab/ixr-testbed-prototype
C:/Users/Jasmine/Documents/GitHub/Cogent Lab/ixr-testbed-prototype
[UnityMemory] Configuration Parameters - Can be set up in boot.config
    "memorysetup-bucket-allocator-granularity=16"
    "memorysetup-bucket-allocator-bucket-count=8"
    "memorysetup-bucket-allocator-block-size=33554432"
    "memorysetup-bucket-allocator-block-count=8"
    "memorysetup-main-allocator-block-size=16777216"
    "memorysetup-thread-allocator-block-size=16777216"
    "memorysetup-gfx-main-allocator-block-size=16777216"
    "memorysetup-gfx-thread-allocator-block-size=16777216"
    "memorysetup-cache-allocator-block-size=4194304"
    "memorysetup-typetree-allocator-block-size=2097152"
    "memorysetup-profiler-bucket-allocator-granularity=16"
    "memorysetup-profiler-bucket-allocator-bucket-count=8"
    "memorysetup-profiler-bucket-allocator-block-size=33554432"
    "memorysetup-profiler-bucket-allocator-block-count=8"
    "memorysetup-profiler-allocator-block-size=16777216"
    "memorysetup-profiler-editor-allocator-block-size=1048576"
    "memorysetup-temp-allocator-size-main=16777216"
    "memorysetup-job-temp-allocator-block-size=2097152"
    "memorysetup-job-temp-allocator-block-size-background=1048576"
    "memorysetup-job-temp-allocator-reduction-small-platforms=262144"
    "memorysetup-allocator-temp-initial-block-size-main=262144"
    "memorysetup-allocator-temp-initial-block-size-worker=262144"
    "memorysetup-temp-allocator-size-background-worker=32768"
    "memorysetup-temp-allocator-size-job-worker=262144"
    "memorysetup-temp-allocator-size-preload-manager=33554432"
    "memorysetup-temp-allocator-size-nav-mesh-worker=65536"
    "memorysetup-temp-allocator-size-audio-worker=65536"
    "memorysetup-temp-allocator-size-cloud-worker=32768"
    "memorysetup-temp-allocator-size-gi-baking-worker=262144"
    "memorysetup-temp-allocator-size-gfx=262144"
Player connection [74388]  Target information:

Player connection [74388]  * "[IP] 10.0.0.151 [Port] 0 [Flags] 2 [Guid] 2784706072 [EditorId] 2784706072 [Version] 1048832 [Id] WindowsEditor(7,DESKTOP-90O3M4F) [Debug] 1 [PackageName] WindowsEditor [ProjectName] Editor" 

Player connection [74388]  * "[IP] 10.0.0.185 [Port] 0 [Flags] 2 [Guid] 2784706072 [EditorId] 2784706072 [Version] 1048832 [Id] WindowsEditor(7,DESKTOP-90O3M4F) [Debug] 1 [PackageName] WindowsEditor [ProjectName] Editor" 

Player connection [74388] Host joined multi-casting on [225.0.0.222:54997]...
Player connection [74388] Host joined alternative multi-casting on [225.0.0.222:34997]...
[PhysX] Initialized MultithreadedTaskDispatcher with 16 workers.
Refreshing native plugins compatible for Editor in 14.85 ms, found 13 plugins.
Unity memory allocator detected: MetaXRAudio native memory allocations will be tracked.
Preloading 3 native plugins for Editor in 2.27 ms.
Initialize engine version: 2022.3.42f1 (2dcb6a0abc42)
[Subsystems] Discovering subsystems at path C:/Program Files/Unity/Hub/Editor/2022.3.42f1/Editor/Data/Resources/UnitySubsystems
[Subsystems] Discovering subsystems at path C:/Users/Jasmine/Documents/GitHub/Cogent Lab/ixr-testbed-prototype/Assets
GfxDevice: creating device client; threaded=0; jobified=0
Direct3D:
    Version:  Direct3D 11.0 [level 11.1]
    Renderer: NVIDIA GeForce RTX 5070 (ID=0x2f04)
    Vendor:   NVIDIA
    VRAM:     11854 MB
    Driver:   32.0.15.7700
Shader 'Meta/MRUK/Scene/HighlightsAndShadows': fallback shader 'Off' not found
Shader 'Oculus/OVRMRCameraFrameLit': fallback shader 'Alpha-Diffuse' not found
Initialize mono
Mono path[0] = 'C:/Program Files/Unity/Hub/Editor/2022.3.42f1/Editor/Data/Managed'
Mono path[1] = 'C:/Program Files/Unity/Hub/Editor/2022.3.42f1/Editor/Data/MonoBleedingEdge/lib/mono/unityjit-win32'
Mono config path = 'C:/Program Files/Unity/Hub/Editor/2022.3.42f1/Editor/Data/MonoBleedingEdge/etc'
Using monoOptions --debugger-agent=transport=dt_socket,embedding=1,server=y,suspend=n,address=127.0.0.1:56644
Begin MonoManager ReloadAssembly
Registering precompiled unity dll's ...
Register platform support module: C:/Program Files/Unity/Hub/Editor/2022.3.42f1/Editor/Data/PlaybackEngines/AndroidPlayer/UnityEditor.Android.Extensions.dll
Register platform support module: C:/Program Files/Unity/Hub/Editor/2022.3.42f1/Editor/Data/PlaybackEngines/WindowsStandaloneSupport/UnityEditor.WindowsStandalone.Extensions.dll
Registered in 0.007233 seconds.
- Loaded All Assemblies, in  0.199 seconds
Native extension for WindowsStandalone target not found
Native extension for Android target not found
Unauthorized device detected, Id: 1WMHH841WR1102, please add debug authorization and reconnect.
UnityEngine.StackTraceUtility:ExtractStackTrace ()
UnityEngine.DebugLogHandler:LogFormat (UnityEngine.LogType,UnityEngine.Object,string,object[])
UnityEngine.Logger:LogFormat (UnityEngine.LogType,string,object[])
UnityEngine.Debug:LogFormat (string,object[])
UnityEditor.Android.AndroidDeploymentTargetsExtension:GetKnownTargets (UnityEditor.DeploymentTargets.IDeploymentTargetsMainThreadContext,UnityEditor.ProgressHandler)
UnityEditor.Android.TargetScanWorker:ScanSync ()
UnityEditor.Android.TargetExtension:OnUsbDevicesChanged (UnityEditor.Hardware.UsbDevice[])
UnityEditor.Android.TargetExtension:OnLoad ()
UnityEditor.Modules.ModuleManager:InitializePlatformSupportModules ()

Android Extension - Scanning For ADB Devices 230 ms
Mono: successfully reloaded assembly
- Finished resetting the current domain, in  0.398 seconds
Domain Reload Profiling: 597ms
	BeginReloadAssembly (61ms)
		ExecutionOrderSort (0ms)
		DisableScriptedObjects (0ms)
		BackupInstance (0ms)
		ReleaseScriptingObjects (0ms)
		CreateAndSetChildDomain (0ms)
	RebuildCommonClasses (17ms)
	RebuildNativeTypeToScriptingClass (5ms)
	initialDomainReloadingComplete (36ms)
	LoadAllAssembliesAndSetupDomain (79ms)
		LoadAssemblies (60ms)
		RebuildTransferFunctionScriptingTraits (0ms)
		AnalyzeDomain (78ms)
			TypeCache.Refresh (77ms)
				TypeCache.ScanAssembly (69ms)
			ScanForSourceGeneratedMonoScriptInfo (0ms)
			ResolveRequiredComponents (0ms)
	FinalizeReload (398ms)
		ReleaseScriptCaches (0ms)
		RebuildScriptCaches (0ms)
		SetupLoadedEditorAssemblies (377ms)
			LogAssemblyErrors (0ms)
			InitializePlatformSupportModulesInManaged (298ms)
			SetLoadedEditorAssemblies (2ms)
			RefreshPlugins (0ms)
			BeforeProcessingInitializeOnLoad (1ms)
			ProcessInitializeOnLoadAttributes (54ms)
			ProcessInitializeOnLoadMethodAttributes (22ms)
			AfterProcessingInitializeOnLoad (0ms)
			EditorAssembliesLoaded (0ms)
		ExecutionOrderSort2 (0ms)
		AwakeInstancesAfterBackupRestoration (0ms)
========================================================================
Worker process is ready to serve import requests
Caller must complete domain reload
Begin MonoManager ReloadAssembly
Symbol file LoadedFromMemory is not a mono symbol file
- Loaded All Assemblies, in  0.447 seconds
Native extension for WindowsStandalone target not found
Native extension for Android target not found
Package Manager log level set to [2]
[Package Manager] Server::EnsureServerProcessIsRunning -- launch failed, reason: Unity was launched with the -noUpm command-line argument
[Package Manager] UpmClient::Send -- Unable to send message (not connected to UPM process).
[Package Manager] Cannot connect to Unity Package Manager local server
  % Total    % Received % Xferd  Average Speed   Time    Time     Time  Current
                                 Dload  Upload   Total   Spent    Left  Speed
  0     0    0     0    0     0      0      0 --:--:-- --:--:-- --:--:--     0  0     0    0     0    0     0      0      0 --:--:-- --:--:-- --:--:--     0
curl: (35) schannel: next InitializeSecurityContext failed: CRYPT_E_NO_REVOCATION_CHECK (0x80092012) - The revocation function was unable to check revocation for the certificate.
[Package Manager] Server::EnsureServerProcessIsRunning -- launch failed, reason: Unity was launched with the -noUpm command-line argument
[Package Manager] UpmClient::Send -- Unable to send message (not connected to UPM process).
[Package Manager] Cannot connect to Unity Package Manager local server
System.Reflection.TargetInvocationException: Exception has been thrown by the target of an invocation. ---> System.NullReferenceException: Object reference not set to an instance of an object
  at Unity.XR.Oculus.OculusLoader.AssetPathToAbsolutePath (System.String assetPath) [0x0003d] in .\Library\PackageCache\com.unity.xr.oculus@4.2.0\Runtime\OculusLoader.cs:298 
  at Unity.XR.Oculus.OculusLoader.EditorLoadOVRPlugin () [0x0008c] in .\Library\PackageCache\com.unity.xr.oculus@4.2.0\Runtime\OculusLoader.cs:283 
  at (wrapper managed-to-native) System.Reflection.RuntimeMethodInfo.InternalInvoke(System.Reflection.RuntimeMethodInfo,object,object[],System.Exception&)
  at System.Reflection.RuntimeMethodInfo.Invoke (System.Object obj, System.Reflection.BindingFlags invokeAttr, System.Reflection.Binder binder, System.Object[] parameters, System.Globalization.CultureInfo culture) [0x0006a] in <8ce0bd04a7a04b4b9395538239d3fdd8>:0 
   --- End of inner exception stack trace ---
  at System.Reflection.RuntimeMethodInfo.Invoke (System.Object obj, System.Reflection.BindingFlags invokeAttr, System.Reflection.Binder binder, System.Object[] parameters, System.Globalization.CultureInfo culture) [0x00083] in <8ce0bd04a7a04b4b9395538239d3fdd8>:0 
  at System.Reflection.MethodBase.Invoke (System.Object obj, System.Object[] parameters) [0x00000] in <8ce0bd04a7a04b4b9395538239d3fdd8>:0 
  at UnityEditor.EditorAssemblies.ProcessInitializeOnLoadMethodAttributes () [0x000a5] in <fd823a7663ea4cdb840e6c898e2256ce>:0 
UnityEngine.StackTraceUtility:ExtractStackTrace ()
UnityEngine.DebugLogHandler:LogFormat (UnityEngine.LogType,UnityEngine.Object,string,object[])
UnityEngine.Logger:Log (UnityEngine.LogType,object)
UnityEngine.Debug:LogError (object)
UnityEditor.EditorAssemblies:ProcessInitializeOnLoadMethodAttributes ()

Mono: successfully reloaded assembly
[Package Manager] Server::EnsureServerProcessIsRunning -- launch failed, reason: Unity was launched with the -noUpm command-line argument
[Package Manager] UpmClient::Send -- Unable to send message (not connected to UPM process).
[Package Manager] Cannot connect to Unity Package Manager local server
[Package Manager] Server::EnsureServerProcessIsRunning -- launch failed, reason: Unity was launched with the -noUpm command-line argument
[Package Manager] UpmClient::Send -- Unable to send message (not connected to UPM process).
[Package Manager] Cannot connect to Unity Package Manager local server
- Finished resetting the current domain, in  0.758 seconds
Domain Reload Profiling: 1200ms
	BeginReloadAssembly (83ms)
		ExecutionOrderSort (0ms)
		DisableScriptedObjects (2ms)
		BackupInstance (0ms)
		ReleaseScriptingObjects (0ms)
		CreateAndSetChildDomain (16ms)
	RebuildCommonClasses (17ms)
	RebuildNativeTypeToScriptingClass (5ms)
	initialDomainReloadingComplete (22ms)
	LoadAllAssembliesAndSetupDomain (314ms)
		LoadAssemblies (212ms)
		RebuildTransferFunctionScriptingTraits (0ms)
		AnalyzeDomain (149ms)
			TypeCache.Refresh (121ms)
				TypeCache.ScanAssembly (110ms)
			ScanForSourceGeneratedMonoScriptInfo (18ms)
			ResolveRequiredComponents (8ms)
	FinalizeReload (759ms)
		ReleaseScriptCaches (0ms)
		RebuildScriptCaches (0ms)
		SetupLoadedEditorAssemblies (659ms)
			LogAssemblyErrors (0ms)
			InitializePlatformSupportModulesInManaged (14ms)
			SetLoadedEditorAssemblies (3ms)
			RefreshPlugins (0ms)
			BeforeProcessingInitializeOnLoad (60ms)
			ProcessInitializeOnLoadAttributes (547ms)
			ProcessInitializeOnLoadMethodAttributes (30ms)
			AfterProcessingInitializeOnLoad (6ms)
			EditorAssembliesLoaded (0ms)
		ExecutionOrderSort2 (0ms)
		AwakeInstancesAfterBackupRestoration (4ms)
Shader 'Oculus/OVRMRCameraFrameLit': fallback shader 'Alpha-Diffuse' not found
Shader 'Meta/MRUK/Scene/HighlightsAndShadows': fallback shader 'Off' not found
Launched and connected shader compiler UnityShaderCompiler.exe after 0.04 seconds
Refreshing native plugins compatible for Editor in 17.81 ms, found 13 plugins.
Preloading 3 native plugins for Editor in 0.18 ms.
Unloading 6130 Unused Serialized files (Serialized files now loaded: 0)
Unloading 88 unused Assets / (506.4 KB). Loaded Objects now: 6536.
Memory consumption went from 228.2 MB to 227.7 MB.
Total: 9.525300 ms (FindLiveObjects: 0.690900 ms CreateObjectMapping: 0.402600 ms MarkObjects: 7.995500 ms  DeleteObjects: 0.434700 ms)

AssetImportParameters requested are different than current active one (requested -> active):
  custom:container-demuxer-ogg: 62fdf1f143b41e24485cea50d1cbac27 -> 
  custom:video-decoder-ogg-theora: a1e56fd34408186e4bbccfd4996cb3dc -> 
  custom:framework-win-MediaFoundation: 216162199b28c13a410421893ffa2e32 -> 
  custom:CustomObjectIndexerAttribute: 9a22284fe3817be447336de3de66b15e -> 
  custom:container-demuxer-webm: 4f35f7cbe854078d1ac9338744f61a02 -> 
  custom:container-muxer-webm: aa71ff27fc2769a1b78a27578f13a17b -> 
  custom:video-decoder-webm-vp8: 9c59270c3fd7afecdb556c50c9e8de78 -> 
  custom:SearchIndexIgnoredProperties: e643bd26f0fe6173181afceb89e7c659 -> 
  custom:AudioImporter_EditorPlatform: d09bf68614088b80899f8185d706f6e7 -> 
  custom:video-encoder-webm-vp8: eb34c28f22e8b96e1ab97ce403110664 -> 
  custom:audio-decoder-ogg-vorbis: bf7c407c2cedff20999df2af8eb42d56 -> 
  custom:audio-encoder-webm-vorbis: bf7c407c2cedff20999df2af8eb42d56 -> 
========================================================================
Received Import Request.
  Time since last request: 1255831.341937 seconds.
  path: Assets/Jasmine/RocketBox/Avatars/Textures
  artifactKey: Guid(b4cd7d9f86a64a04abe718567b0d62c1) Importer(815301076,1909f56bfc062723c751e8b465ee728b)
Start importing Assets/Jasmine/RocketBox/Avatars/Textures using Guid(b4cd7d9f86a64a04abe718567b0d62c1) Importer(815301076,1909f56bfc062723c751e8b465ee728b) [PhysX] Initialized MultithreadedTaskDispatcher with 16 workers.
 -> (artifact id: '00ab47a7abbb28464fc9ed371cdf76a3') in 0.001755 seconds
Number of updated asset objects reloaded before import = 0
Number of asset objects unloaded after import = 0
========================================================================
Received Import Request.
  Time since last request: 0.975202 seconds.
  path: Assets/Jasmine/RocketBox/Avatars/Textures
  artifactKey: Guid(b4cd7d9f86a64a04abe718567b0d62c1) Importer(2089858483,0ecaa5967403d082aa24f35e1b516d23)
Start importing Assets/Jasmine/RocketBox/Avatars/Textures using Guid(b4cd7d9f86a64a04abe718567b0d62c1) Importer(2089858483,0ecaa5967403d082aa24f35e1b516d23) [PhysX] Initialized MultithreadedTaskDispatcher with 16 workers.
 -> (artifact id: 'c8d1d1b894be9e95a73498edec728b57') in 0.025167 seconds
Number of updated asset objects reloaded before import = 0
Number of asset objects unloaded after import = 1
========================================================================
Received Import Request.
  Time since last request: 1.464001 seconds.
  path: Assets/Jasmine/RocketBox/Avatars/f003_body_color.tga
  artifactKey: Guid(ec5f10bc29c8d6647a24770cb3d38820) Importer(815301076,1909f56bfc062723c751e8b465ee728b)
Start importing Assets/Jasmine/RocketBox/Avatars/f003_body_color.tga using Guid(ec5f10bc29c8d6647a24770cb3d38820) Importer(815301076,1909f56bfc062723c751e8b465ee728b) [PhysX] Initialized MultithreadedTaskDispatcher with 16 workers.
[PhysX] Initialized MultithreadedTaskDispatcher with 16 workers.
 -> (artifact id: 'e18125c25fba0a8ec7ba1d14c39fe874') in 0.036115 seconds
Number of updated asset objects reloaded before import = 0
Number of asset objects unloaded after import = 2
========================================================================
Received Import Request.
  Time since last request: 0.823008 seconds.
  path: Assets/Jasmine/RocketBox/Avatars/f003_body_specular.tga
  artifactKey: Guid(863d0e05c48ca56489858fba675e65ad) Importer(815301076,1909f56bfc062723c751e8b465ee728b)
Start importing Assets/Jasmine/RocketBox/Avatars/f003_body_specular.tga using Guid(863d0e05c48ca56489858fba675e65ad) Importer(815301076,1909f56bfc062723c751e8b465ee728b) [PhysX] Initialized MultithreadedTaskDispatcher with 16 workers.
[PhysX] Initialized MultithreadedTaskDispatcher with 16 workers.
 -> (artifact id: 'b8172050b3ae40936a21fbb486eb0846') in 0.005455 seconds
Number of updated asset objects reloaded before import = 0
Number of asset objects unloaded after import = 2
========================================================================
Received Import Request.
  Time since last request: 3.709321 seconds.
  path: Assets/Jasmine/RocketBox/Avatars/Textures/f003_body_normal.tga
  artifactKey: Guid(030b3c34867361548974cabf40ccd86b) Importer(2089858483,0ecaa5967403d082aa24f35e1b516d23)
Start importing Assets/Jasmine/RocketBox/Avatars/Textures/f003_body_normal.tga using Guid(030b3c34867361548974cabf40ccd86b) Importer(2089858483,0ecaa5967403d082aa24f35e1b516d23) [PhysX] Initialized MultithreadedTaskDispatcher with 16 workers.
 -> (artifact id: '50e3aa483f409d1b0ff00f4ea582b405') in 0.045112 seconds
Number of updated asset objects reloaded before import = 0
Number of asset objects unloaded after import = 1
========================================================================
Received Import Request.
  Time since last request: 26.140397 seconds.
  path: Assets/Jasmine/RocketBox/Avatars/Female_Adult_03
  artifactKey: Guid(cf313d2b75c9b2c48a82991dc650ff53) Importer(815301076,1909f56bfc062723c751e8b465ee728b)
Start importing Assets/Jasmine/RocketBox/Avatars/Female_Adult_03 using Guid(cf313d2b75c9b2c48a82991dc650ff53) Importer(815301076,1909f56bfc062723c751e8b465ee728b) [PhysX] Initialized MultithreadedTaskDispatcher with 16 workers.
 -> (artifact id: '273f9cf59c8068a2b895aa71968160e1') in 0.000495 seconds
Number of updated asset objects reloaded before import = 0
Number of asset objects unloaded after import = 0
========================================================================
Received Import Request.
  Time since last request: 0.975649 seconds.
  path: Assets/Jasmine/RocketBox/Avatars/Female_Adult_03
  artifactKey: Guid(cf313d2b75c9b2c48a82991dc650ff53) Importer(2089858483,0ecaa5967403d082aa24f35e1b516d23)
Start importing Assets/Jasmine/RocketBox/Avatars/Female_Adult_03 using Guid(cf313d2b75c9b2c48a82991dc650ff53) Importer(2089858483,0ecaa5967403d082aa24f35e1b516d23) [PhysX] Initialized MultithreadedTaskDispatcher with 16 workers.
 -> (artifact id: '098e2209dd0d11a0ad457eb85a46b3a4') in 0.002965 seconds
Number of updated asset objects reloaded before import = 0
Number of asset objects unloaded after import = 1
========================================================================
Received Import Request.
  Time since last request: 3.330976 seconds.
  path: Assets/Jasmine/RocketBox/Avatars/Female_Adult_03/Female_Adult_03_facial.fbx
  artifactKey: Guid(450ab973f45b6a64ebb298ae718aa706) Importer(2089858483,0ecaa5967403d082aa24f35e1b516d23)
Start importing Assets/Jasmine/RocketBox/Avatars/Female_Adult_03/Female_Adult_03_facial.fbx using Guid(450ab973f45b6a64ebb298ae718aa706) Importer(2089858483,0ecaa5967403d082aa24f35e1b516d23) [PhysX] Initialized MultithreadedTaskDispatcher with 16 workers.
 -> (artifact id: 'ef140d402319304294c850fae9eb5704') in 0.110514 seconds
Number of updated asset objects reloaded before import = 0
Number of asset objects unloaded after import = 174
========================================================================
Received Import Request.
  Time since last request: 36.097559 seconds.
  path: Assets/Jasmine/RocketBox/Avatars/Female_Adult_03 first
  artifactKey: Guid(cf313d2b75c9b2c48a82991dc650ff53) Importer(815301076,1909f56bfc062723c751e8b465ee728b)
Start importing Assets/Jasmine/RocketBox/Avatars/Female_Adult_03 first using Guid(cf313d2b75c9b2c48a82991dc650ff53) Importer(815301076,1909f56bfc062723c751e8b465ee728b) [PhysX] Initialized MultithreadedTaskDispatcher with 16 workers.
 -> (artifact id: 'e01beb3ecbc0c354ad84c46bf3af7600') in 0.000442 seconds
Number of updated asset objects reloaded before import = 0
Number of asset objects unloaded after import = 0
========================================================================
Received Import Request.
  Time since last request: 0.974514 seconds.
  path: Assets/Jasmine/RocketBox/Avatars/Female_Adult_03 first
  artifactKey: Guid(cf313d2b75c9b2c48a82991dc650ff53) Importer(2089858483,0ecaa5967403d082aa24f35e1b516d23)
Start importing Assets/Jasmine/RocketBox/Avatars/Female_Adult_03 first using Guid(cf313d2b75c9b2c48a82991dc650ff53) Importer(2089858483,0ecaa5967403d082aa24f35e1b516d23) [PhysX] Initialized MultithreadedTaskDispatcher with 16 workers.
 -> (artifact id: '459b8c8c92e248f693c6d894981a2732') in 0.002965 seconds
Number of updated asset objects reloaded before import = 0
Number of asset objects unloaded after import = 1
========================================================================
Received Import Request.
  Time since last request: 0.000017 seconds.
  path: Assets/Jasmine/RocketBox/Avatars/Female_Adult_03 first/Textures/f003_opacity_color.tga
  artifactKey: Guid(2714407c977443943a537f460d3bc137) Importer(2089858483,0ecaa5967403d082aa24f35e1b516d23)
Start importing Assets/Jasmine/RocketBox/Avatars/Female_Adult_03 first/Textures/f003_opacity_color.tga using Guid(2714407c977443943a537f460d3bc137) Importer(2089858483,0ecaa5967403d082aa24f35e1b516d23) [PhysX] Initialized MultithreadedTaskDispatcher with 16 workers.
 -> (artifact id: 'ad92a533b58f00387a8eeedbc64e8d09') in 0.009900 seconds
Number of updated asset objects reloaded before import = 0
Number of asset objects unloaded after import = 1
========================================================================
Received Import Request.
  Time since last request: 0.000024 seconds.
  path: Assets/Jasmine/RocketBox/Avatars/Female_Adult_03 first/Textures/f003_body_specular.tga
  artifactKey: Guid(863d0e05c48ca56489858fba675e65ad) Importer(2089858483,0ecaa5967403d082aa24f35e1b516d23)
Start importing Assets/Jasmine/RocketBox/Avatars/Female_Adult_03 first/Textures/f003_body_specular.tga using Guid(863d0e05c48ca56489858fba675e65ad) Importer(2089858483,0ecaa5967403d082aa24f35e1b516d23) [PhysX] Initialized MultithreadedTaskDispatcher with 16 workers.
 -> (artifact id: 'eb2455cdfc92634cc23600a41f53cfa9') in 0.008352 seconds
Number of updated asset objects reloaded before import = 0
Number of asset objects unloaded after import = 1
========================================================================
Received Import Request.
  Time since last request: 0.000018 seconds.
  path: Assets/Jasmine/RocketBox/Avatars/Female_Adult_03 first/Textures/f003_head_specular.tga
  artifactKey: Guid(c984100e55723e4449bc3cd67b91a0ac) Importer(2089858483,0ecaa5967403d082aa24f35e1b516d23)
Start importing Assets/Jasmine/RocketBox/Avatars/Female_Adult_03 first/Textures/f003_head_specular.tga using Guid(c984100e55723e4449bc3cd67b91a0ac) Importer(2089858483,0ecaa5967403d082aa24f35e1b516d23) [PhysX] Initialized MultithreadedTaskDispatcher with 16 workers.
 -> (artifact id: '603911725f5c86a76cc93c205ddc48ee') in 0.007503 seconds
Number of updated asset objects reloaded before import = 0
Number of asset objects unloaded after import = 1
========================================================================
Received Import Request.
  Time since last request: 22.052779 seconds.
  path: Assets/Jasmine/RocketBox/Avatars/Female_Adult_03/Export/Female_Adult_03.fbx
  artifactKey: Guid(ae5c4709e86cec04e8a308bf18bc6a3b) Importer(2089858483,0ecaa5967403d082aa24f35e1b516d23)
Start importing Assets/Jasmine/RocketBox/Avatars/Female_Adult_03/Export/Female_Adult_03.fbx using Guid(ae5c4709e86cec04e8a308bf18bc6a3b) Importer(2089858483,0ecaa5967403d082aa24f35e1b516d23) [PhysX] Initialized MultithreadedTaskDispatcher with 16 workers.
 -> (artifact id: 'b463693cf429e932ba06ff0677a1b00a') in 0.034790 seconds
Number of updated asset objects reloaded before import = 0
Number of asset objects unloaded after import = 181
========================================================================
Received Import Request.
  Time since last request: 2.305970 seconds.
  path: Assets/Jasmine/RocketBox/Avatars/Female_Adult_03
  artifactKey: Guid(622439bd3bb6f2541ab09c71c5d8ca27) Importer(815301076,1909f56bfc062723c751e8b465ee728b)
Start importing Assets/Jasmine/RocketBox/Avatars/Female_Adult_03 using Guid(622439bd3bb6f2541ab09c71c5d8ca27) Importer(815301076,1909f56bfc062723c751e8b465ee728b) [PhysX] Initialized MultithreadedTaskDispatcher with 16 workers.
 -> (artifact id: '0b0cf4415fd53b8da87639fcf64e458b') in 0.000592 seconds
Number of updated asset objects reloaded before import = 0
Number of asset objects unloaded after import = 0
========================================================================
Received Import Request.
  Time since last request: 23.986321 seconds.
  path: Assets/Jasmine/RocketBox/Avatars/Female_Adult_03/Textures
  artifactKey: Guid(9bcd04047a6ded746963ea33d5bb732d) Importer(815301076,1909f56bfc062723c751e8b465ee728b)
Start importing Assets/Jasmine/RocketBox/Avatars/Female_Adult_03/Textures using Guid(9bcd04047a6ded746963ea33d5bb732d) Importer(815301076,1909f56bfc062723c751e8b465ee728b) [PhysX] Initialized MultithreadedTaskDispatcher with 16 workers.
 -> (artifact id: '9089003e0587f075c7d74f099e737710') in 0.000570 seconds
Number of updated asset objects reloaded before import = 0
Number of asset objects unloaded after import = 0
========================================================================
Received Import Request.
  Time since last request: 27.301818 seconds.
  path: Assets/Jasmine/RocketBox/Avatars/Female_Adult_03/Export
  artifactKey: Guid(0ee6556916538544486454c8e64b2f35) Importer(815301076,1909f56bfc062723c751e8b465ee728b)
Start importing Assets/Jasmine/RocketBox/Avatars/Female_Adult_03/Export using Guid(0ee6556916538544486454c8e64b2f35) Importer(815301076,1909f56bfc062723c751e8b465ee728b) [PhysX] Initialized MultithreadedTaskDispatcher with 16 workers.
 -> (artifact id: 'd89bdfcfb6b6e7019ad9ff0cbd8659c9') in 0.000492 seconds
Number of updated asset objects reloaded before import = 0
Number of asset objects unloaded after import = 0
========================================================================
Received Import Request.
  Time since last request: 0.784622 seconds.
  path: Assets/Jasmine/RocketBox/Avatars/Female_Adult_03/Export/Female_Adult_03_facial.fbx
  artifactKey: Guid(c307790307e7fcf4d8f583609339d736) Importer(815301076,1909f56bfc062723c751e8b465ee728b)
Start importing Assets/Jasmine/RocketBox/Avatars/Female_Adult_03/Export/Female_Adult_03_facial.fbx using Guid(c307790307e7fcf4d8f583609339d736) Importer(815301076,1909f56bfc062723c751e8b465ee728b) [PhysX] Initialized MultithreadedTaskDispatcher with 16 workers.
[PhysX] Initialized MultithreadedTaskDispatcher with 16 workers.
[PhysX] Initialized MultithreadedTaskDispatcher with 16 workers.
[PhysX] Initialized MultithreadedTaskDispatcher with 16 workers.
[PhysX] Initialized MultithreadedTaskDispatcher with 16 workers.
[PhysX] Initialized MultithreadedTaskDispatcher with 16 workers.
[PhysX] Initialized MultithreadedTaskDispatcher with 16 workers.
 -> (artifact id: '993e3f1f67fc9c0b3b010259a7caad2d') in 0.086363 seconds
Number of updated asset objects reloaded before import = 0
Number of asset objects unloaded after import = 179
========================================================================
Received Import Request.
  Time since last request: 23.217365 seconds.
  path: Assets/Jasmine/RocketBox/Avatars/Male_Adult_02/Export/Male_Adult_02_facial.fbx
  artifactKey: Guid(4802957c899544c46b2cd435595303bb) Importer(2089858483,0ecaa5967403d082aa24f35e1b516d23)
Start importing Assets/Jasmine/RocketBox/Avatars/Male_Adult_02/Export/Male_Adult_02_facial.fbx using Guid(4802957c899544c46b2cd435595303bb) Importer(2089858483,0ecaa5967403d082aa24f35e1b516d23) [PhysX] Initialized MultithreadedTaskDispatcher with 16 workers.
 -> (artifact id: '3fd6b69b8f49cab02d6a0891d7726cd3') in 0.050666 seconds
Number of updated asset objects reloaded before import = 0
Number of asset objects unloaded after import = 179
========================================================================
Received Import Request.
  Time since last request: 0.000020 seconds.
  path: Assets/Jasmine/RocketBox/Avatars/Male_Adult_02/Textures
  artifactKey: Guid(3175bd89ab4da534aba0a546fb6c4c04) Importer(2089858483,0ecaa5967403d082aa24f35e1b516d23)
Start importing Assets/Jasmine/RocketBox/Avatars/Male_Adult_02/Textures using Guid(3175bd89ab4da534aba0a546fb6c4c04) Importer(2089858483,0ecaa5967403d082aa24f35e1b516d23) [PhysX] Initialized MultithreadedTaskDispatcher with 16 workers.
 -> (artifact id: 'e538fbcc7fb02db518a175160e763900') in 0.002343 seconds
Number of updated asset objects reloaded before import = 0
Number of asset objects unloaded after import = 1
========================================================================
Received Import Request.
  Time since last request: 0.000014 seconds.
  path: Assets/Jasmine/RocketBox/Avatars/Male_Adult_02/Textures/m003_head_normal.tga
  artifactKey: Guid(4554184788437c44d9cd3b15862f90ef) Importer(2089858483,0ecaa5967403d082aa24f35e1b516d23)
Start importing Assets/Jasmine/RocketBox/Avatars/Male_Adult_02/Textures/m003_head_normal.tga using Guid(4554184788437c44d9cd3b15862f90ef) Importer(2089858483,0ecaa5967403d082aa24f35e1b516d23) [PhysX] Initialized MultithreadedTaskDispatcher with 16 workers.
 -> (artifact id: '3bbbba77a3fdbd0e0bf76de3d3ec8574') in 0.010415 seconds
Number of updated asset objects reloaded before import = 0
Number of asset objects unloaded after import = 1
========================================================================
Received Import Request.
  Time since last request: 0.000014 seconds.
  path: Assets/Jasmine/RocketBox/Avatars/Male_Adult_02/Textures/m003_body_color.tga
  artifactKey: Guid(877f8bafcbb81364783b8a2cf52c636d) Importer(2089858483,0ecaa5967403d082aa24f35e1b516d23)
Start importing Assets/Jasmine/RocketBox/Avatars/Male_Adult_02/Textures/m003_body_color.tga using Guid(877f8bafcbb81364783b8a2cf52c636d) Importer(2089858483,0ecaa5967403d082aa24f35e1b516d23) [PhysX] Initialized MultithreadedTaskDispatcher with 16 workers.
 -> (artifact id: '8e486d1c5ef4dfcd43e0aef80a41af75') in 0.008587 seconds
Number of updated asset objects reloaded before import = 0
Number of asset objects unloaded after import = 1
========================================================================
Received Import Request.
  Time since last request: 0.000015 seconds.
  path: Assets/Jasmine/RocketBox/Avatars/Male_Adult_02/Export/Male_Adult_02.fbx
  artifactKey: Guid(a43da3b2fde5521449b0421645a6f068) Importer(2089858483,0ecaa5967403d082aa24f35e1b516d23)
Start importing Assets/Jasmine/RocketBox/Avatars/Male_Adult_02/Export/Male_Adult_02.fbx using Guid(a43da3b2fde5521449b0421645a6f068) Importer(2089858483,0ecaa5967403d082aa24f35e1b516d23) [PhysX] Initialized MultithreadedTaskDispatcher with 16 workers.
 -> (artifact id: '433797637d65e094cadfdeb2ff6b3aa4') in 0.020225 seconds
Number of updated asset objects reloaded before import = 0
Number of asset objects unloaded after import = 181
========================================================================
Received Import Request.
  Time since last request: 11.446756 seconds.
  path: Assets/Jasmine/RocketBox/Avatars/Male_Adult_03/Textures/m004_head_normal.tga
  artifactKey: Guid(c9b6ce22d76ccdd428ebcdffaaeb13cb) Importer(2089858483,0ecaa5967403d082aa24f35e1b516d23)
Start importing Assets/Jasmine/RocketBox/Avatars/Male_Adult_03/Textures/m004_head_normal.tga using Guid(c9b6ce22d76ccdd428ebcdffaaeb13cb) Importer(2089858483,0ecaa5967403d082aa24f35e1b516d23) [PhysX] Initialized MultithreadedTaskDispatcher with 16 workers.
 -> (artifact id: '69b088bbe4bd1e298c47f214e97d172b') in 0.008218 seconds
Number of updated asset objects reloaded before import = 0
Number of asset objects unloaded after import = 1
========================================================================
Received Import Request.
  Time since last request: 0.000014 seconds.
  path: Assets/Jasmine/RocketBox/Avatars/Male_Adult_03/Textures/m004_body_normal.tga
  artifactKey: Guid(e31661bc997e2694dbb5a62dccac50f4) Importer(2089858483,0ecaa5967403d082aa24f35e1b516d23)
Start importing Assets/Jasmine/RocketBox/Avatars/Male_Adult_03/Textures/m004_body_normal.tga using Guid(e31661bc997e2694dbb5a62dccac50f4) Importer(2089858483,0ecaa5967403d082aa24f35e1b516d23) [PhysX] Initialized MultithreadedTaskDispatcher with 16 workers.
 -> (artifact id: '63fdc2dc8642853ff4aa2ed61cd6cc28') in 0.012074 seconds
Number of updated asset objects reloaded before import = 0
Number of asset objects unloaded after import = 1
========================================================================
Received Import Request.
  Time since last request: 0.000018 seconds.
  path: Assets/Jasmine/RocketBox/Avatars/Male_Adult_03/Textures/m004_head_color.tga
  artifactKey: Guid(afdaf652a9bb0d14c9856f2b1ca61036) Importer(2089858483,0ecaa5967403d082aa24f35e1b516d23)
Start importing Assets/Jasmine/RocketBox/Avatars/Male_Adult_03/Textures/m004_head_color.tga using Guid(afdaf652a9bb0d14c9856f2b1ca61036) Importer(2089858483,0ecaa5967403d082aa24f35e1b516d23) [PhysX] Initialized MultithreadedTaskDispatcher with 16 workers.
 -> (artifact id: '562a779887484fdf7570c15b7becea89') in 0.009747 seconds
Number of updated asset objects reloaded before import = 0
Number of asset objects unloaded after import = 1
========================================================================
Received Import Request.
  Time since last request: 0.000027 seconds.
  path: Assets/Jasmine/RocketBox/Avatars/Male_Adult_03/Textures/m004_body_color.tga
  artifactKey: Guid(4f534f3b5e4eb8a4889100048260c09c) Importer(2089858483,0ecaa5967403d082aa24f35e1b516d23)
Start importing Assets/Jasmine/RocketBox/Avatars/Male_Adult_03/Textures/m004_body_color.tga using Guid(4f534f3b5e4eb8a4889100048260c09c) Importer(2089858483,0ecaa5967403d082aa24f35e1b516d23) [PhysX] Initialized MultithreadedTaskDispatcher with 16 workers.
 -> (artifact id: '3804c860ac21e0439844c798f80afb2a') in 0.009228 seconds
Number of updated asset objects reloaded before import = 0
Number of asset objects unloaded after import = 1
========================================================================
Received Import Request.
  Time since last request: 0.000026 seconds.
  path: Assets/Jasmine/RocketBox/Avatars/Male_Adult_03/Textures/m004_head_specular.tga
  artifactKey: Guid(7185fe043972e954ab5720f3ea25f688) Importer(2089858483,0ecaa5967403d082aa24f35e1b516d23)
Start importing Assets/Jasmine/RocketBox/Avatars/Male_Adult_03/Textures/m004_head_specular.tga using Guid(7185fe043972e954ab5720f3ea25f688) Importer(2089858483,0ecaa5967403d082aa24f35e1b516d23) [PhysX] Initialized MultithreadedTaskDispatcher with 16 workers.
 -> (artifact id: '5e05c575f62ad6da6f00917114b97c4c') in 0.007187 seconds
Number of updated asset objects reloaded before import = 0
Number of asset objects unloaded after import = 1
========================================================================
Received Import Request.
  Time since last request: 0.000016 seconds.
  path: Assets/Jasmine/RocketBox/Avatars/Male_Adult_03/Export
  artifactKey: Guid(f0530cf4868055848827e0ab6079aae4) Importer(2089858483,0ecaa5967403d082aa24f35e1b516d23)
Start importing Assets/Jasmine/RocketBox/Avatars/Male_Adult_03/Export using Guid(f0530cf4868055848827e0ab6079aae4) Importer(2089858483,0ecaa5967403d082aa24f35e1b516d23) [PhysX] Initialized MultithreadedTaskDispatcher with 16 workers.
 -> (artifact id: '5fc0de58b4294d116ad8b74f4f106468') in 0.002505 seconds
Number of updated asset objects reloaded before import = 0
Number of asset objects unloaded after import = 1
========================================================================
Received Import Request.
  Time since last request: 0.000016 seconds.
  path: Assets/Jasmine/RocketBox/Avatars/Male_Adult_03
  artifactKey: Guid(ca5a7b30b6cdfb649b29e455fd5a156c) Importer(2089858483,0ecaa5967403d082aa24f35e1b516d23)
Start importing Assets/Jasmine/RocketBox/Avatars/Male_Adult_03 using Guid(ca5a7b30b6cdfb649b29e455fd5a156c) Importer(2089858483,0ecaa5967403d082aa24f35e1b516d23) [PhysX] Initialized MultithreadedTaskDispatcher with 16 workers.
 -> (artifact id: '1cdf2f1d2d426007da8e8ad0020954fb') in 0.003220 seconds
Number of updated asset objects reloaded before import = 0
Number of asset objects unloaded after import = 1
========================================================================
Received Import Request.
  Time since last request: 3.363082 seconds.
  path: Assets/Jasmine/RocketBox/Avatars/Male_Adult_02
  artifactKey: Guid(d4840e47ddc327e4cb8b5ffe7a9988b4) Importer(815301076,1909f56bfc062723c751e8b465ee728b)
Start importing Assets/Jasmine/RocketBox/Avatars/Male_Adult_02 using Guid(d4840e47ddc327e4cb8b5ffe7a9988b4) Importer(815301076,1909f56bfc062723c751e8b465ee728b) [PhysX] Initialized MultithreadedTaskDispatcher with 16 workers.
 -> (artifact id: 'a1b0ff2fbbef67d5c0b404834f6ce473') in 0.000474 seconds
Number of updated asset objects reloaded before import = 0
Number of asset objects unloaded after import = 0
========================================================================
Received Import Request.
  Time since last request: 1.321627 seconds.
  path: Assets/Jasmine/RocketBox/Avatars/Male_Adult_02/Export
  artifactKey: Guid(3c43fa646a09f1c478654b93940b26d5) Importer(815301076,1909f56bfc062723c751e8b465ee728b)
Start importing Assets/Jasmine/RocketBox/Avatars/Male_Adult_02/Export using Guid(3c43fa646a09f1c478654b93940b26d5) Importer(815301076,1909f56bfc062723c751e8b465ee728b) [PhysX] Initialized MultithreadedTaskDispatcher with 16 workers.
 -> (artifact id: 'b5951ada675fd31e0a0bb3a9d03036ed') in 0.000438 seconds
Number of updated asset objects reloaded before import = 0
Number of asset objects unloaded after import = 0
========================================================================
Received Import Request.
  Time since last request: 7.375888 seconds.
  path: Assets/Jasmine/RocketBox/Avatars/Male_Adult_03
  artifactKey: Guid(ca5a7b30b6cdfb649b29e455fd5a156c) Importer(815301076,1909f56bfc062723c751e8b465ee728b)
Start importing Assets/Jasmine/RocketBox/Avatars/Male_Adult_03 using Guid(ca5a7b30b6cdfb649b29e455fd5a156c) Importer(815301076,1909f56bfc062723c751e8b465ee728b) [PhysX] Initialized MultithreadedTaskDispatcher with 16 workers.
 -> (artifact id: '4fae89e7bf7428f84c8ca4ec6f05a703') in 0.000463 seconds
Number of updated asset objects reloaded before import = 0
Number of asset objects unloaded after import = 0
========================================================================
Received Import Request.
  Time since last request: 2.216759 seconds.
  path: Assets/Jasmine/RocketBox/Avatars/Male_Adult_03/Textures
  artifactKey: Guid(cea8385bd86e16841847f100a5390f59) Importer(815301076,1909f56bfc062723c751e8b465ee728b)
Start importing Assets/Jasmine/RocketBox/Avatars/Male_Adult_03/Textures using Guid(cea8385bd86e16841847f100a5390f59) Importer(815301076,1909f56bfc062723c751e8b465ee728b) [PhysX] Initialized MultithreadedTaskDispatcher with 16 workers.
 -> (artifact id: '90332d9c9d418315f1f06ca1a403c3c2') in 0.000456 seconds
Number of updated asset objects reloaded before import = 0
Number of asset objects unloaded after import = 0
========================================================================
Received Import Request.
  Time since last request: 0.694809 seconds.
  path: Assets/Jasmine/RocketBox/Avatars/Male_Adult_03/Export
  artifactKey: Guid(f0530cf4868055848827e0ab6079aae4) Importer(815301076,1909f56bfc062723c751e8b465ee728b)
Start importing Assets/Jasmine/RocketBox/Avatars/Male_Adult_03/Export using Guid(f0530cf4868055848827e0ab6079aae4) Importer(815301076,1909f56bfc062723c751e8b465ee728b) [PhysX] Initialized MultithreadedTaskDispatcher with 16 workers.
 -> (artifact id: 'e8b4db5cd7d634991cb76b00341724d6') in 0.000490 seconds
Number of updated asset objects reloaded before import = 0
Number of asset objects unloaded after import = 0
========================================================================
Received Import Request.
  Time since last request: 0.844337 seconds.
  path: Assets/Jasmine/RocketBox/Avatars/Male_Adult_03/Export/Male_Adult_03_facial.fbx
  artifactKey: Guid(4a5c0aff03596c844b128021a524b16a) Importer(815301076,1909f56bfc062723c751e8b465ee728b)
Start importing Assets/Jasmine/RocketBox/Avatars/Male_Adult_03/Export/Male_Adult_03_facial.fbx using Guid(4a5c0aff03596c844b128021a524b16a) Importer(815301076,1909f56bfc062723c751e8b465ee728b) [PhysX] Initialized MultithreadedTaskDispatcher with 16 workers.
[PhysX] Initialized MultithreadedTaskDispatcher with 16 workers.
[PhysX] Initialized MultithreadedTaskDispatcher with 16 workers.
[PhysX] Initialized MultithreadedTaskDispatcher with 16 workers.
[PhysX] Initialized MultithreadedTaskDispatcher with 16 workers.
[PhysX] Initialized MultithreadedTaskDispatcher with 16 workers.
[PhysX] Initialized MultithreadedTaskDispatcher with 16 workers.
 -> (artifact id: 'a63aa213f6fb87b9be188ed5114a684f') in 0.036153 seconds
Number of updated asset objects reloaded before import = 0
Number of asset objects unloaded after import = 179
========================================================================
Received Import Request.
  Time since last request: 89.502034 seconds.
  path: Assets/Jasmine/Scenes/Virtual Avatar Lip Sync.unity
  artifactKey: Guid(61fcfe3c155f39e46b55c70d1752514b) Importer(2089858483,0ecaa5967403d082aa24f35e1b516d23)
Start importing Assets/Jasmine/Scenes/Virtual Avatar Lip Sync.unity using Guid(61fcfe3c155f39e46b55c70d1752514b) Importer(2089858483,0ecaa5967403d082aa24f35e1b516d23) [PhysX] Initialized MultithreadedTaskDispatcher with 16 workers.
 -> (artifact id: '14374d6038cdf265044a39cfac6cbdcd') in 0.002676 seconds
Number of updated asset objects reloaded before import = 0
Number of asset objects unloaded after import = 1
========================================================================
Received Prepare
Caller must complete domain reload
Begin MonoManager ReloadAssembly
Symbol file LoadedFromMemory is not a mono symbol file
- Loaded All Assemblies, in  0.352 seconds
Native extension for WindowsStandalone target not found
Native extension for Android target not found
[Package Manager] Server::EnsureServerProcessIsRunning -- launch failed, reason: Unity was launched with the -noUpm command-line argument
[Package Manager] UpmClient::Send -- Unable to send message (not connected to UPM process).
[Package Manager] Cannot connect to Unity Package Manager local server
[Package Manager] Server::EnsureServerProcessIsRunning -- launch failed, reason: Unity was launched with the -noUpm command-line argument
[Package Manager] UpmClient::Send -- Unable to send message (not connected to UPM process).
[Package Manager] Cannot connect to Unity Package Manager local server
System.Reflection.TargetInvocationException: Exception has been thrown by the target of an invocation. ---> System.NullReferenceException: Object reference not set to an instance of an object
  at Unity.XR.Oculus.OculusLoader.AssetPathToAbsolutePath (System.String assetPath) [0x0003d] in .\Library\PackageCache\com.unity.xr.oculus@4.2.0\Runtime\OculusLoader.cs:298 
  at Unity.XR.Oculus.OculusLoader.EditorLoadOVRPlugin () [0x0008c] in .\Library\PackageCache\com.unity.xr.oculus@4.2.0\Runtime\OculusLoader.cs:283 
  at (wrapper managed-to-native) System.Reflection.RuntimeMethodInfo.InternalInvoke(System.Reflection.RuntimeMethodInfo,object,object[],System.Exception&)
  at System.Reflection.RuntimeMethodInfo.Invoke (System.Object obj, System.Reflection.BindingFlags invokeAttr, System.Reflection.Binder binder, System.Object[] parameters, System.Globalization.CultureInfo culture) [0x0006a] in <8ce0bd04a7a04b4b9395538239d3fdd8>:0 
   --- End of inner exception stack trace ---
  at System.Reflection.RuntimeMethodInfo.Invoke (System.Object obj, System.Reflection.BindingFlags invokeAttr, System.Reflection.Binder binder, System.Object[] parameters, System.Globalization.CultureInfo culture) [0x00083] in <8ce0bd04a7a04b4b9395538239d3fdd8>:0 
  at System.Reflection.MethodBase.Invoke (System.Object obj, System.Object[] parameters) [0x00000] in <8ce0bd04a7a04b4b9395538239d3fdd8>:0 
  at UnityEditor.EditorAssemblies.ProcessInitializeOnLoadMethodAttributes () [0x000a5] in <fd823a7663ea4cdb840e6c898e2256ce>:0 
UnityEngine.StackTraceUtility:ExtractStackTrace ()
UnityEngine.DebugLogHandler:LogFormat (UnityEngine.LogType,UnityEngine.Object,string,object[])
UnityEngine.Logger:Log (UnityEngine.LogType,object)
UnityEngine.Debug:LogError (object)
UnityEditor.EditorAssemblies:ProcessInitializeOnLoadMethodAttributes ()

Mono: successfully reloaded assembly
[Package Manager] Server::EnsureServerProcessIsRunning -- launch failed, reason: Unity was launched with the -noUpm command-line argument
[Package Manager] UpmClient::Send -- Unable to send message (not connected to UPM process).
[Package Manager] Cannot connect to Unity Package Manager local server
- Finished resetting the current domain, in  0.889 seconds
Domain Reload Profiling: 1237ms
	BeginReloadAssembly (117ms)
		ExecutionOrderSort (0ms)
		DisableScriptedObjects (2ms)
		BackupInstance (0ms)
		ReleaseScriptingObjects (0ms)
		CreateAndSetChildDomain (39ms)
	RebuildCommonClasses (20ms)
	RebuildNativeTypeToScriptingClass (7ms)
	initialDomainReloadingComplete (22ms)
	LoadAllAssembliesAndSetupDomain (181ms)
		LoadAssemblies (209ms)
		RebuildTransferFunctionScriptingTraits (0ms)
		AnalyzeDomain (20ms)
			TypeCache.Refresh (5ms)
				TypeCache.ScanAssembly (0ms)
			ScanForSourceGeneratedMonoScriptInfo (0ms)
			ResolveRequiredComponents (13ms)
	FinalizeReload (890ms)
		ReleaseScriptCaches (0ms)
		RebuildScriptCaches (0ms)
		SetupLoadedEditorAssemblies (473ms)
			LogAssemblyErrors (0ms)
			InitializePlatformSupportModulesInManaged (15ms)
			SetLoadedEditorAssemblies (3ms)
			RefreshPlugins (0ms)
			BeforeProcessingInitializeOnLoad (64ms)
			ProcessInitializeOnLoadAttributes (338ms)
			ProcessInitializeOnLoadMethodAttributes (45ms)
			AfterProcessingInitializeOnLoad (9ms)
			EditorAssembliesLoaded (0ms)
		ExecutionOrderSort2 (0ms)
		AwakeInstancesAfterBackupRestoration (6ms)
Shader 'Oculus/OVRMRCameraFrameLit': fallback shader 'Alpha-Diffuse' not found
Shader 'Meta/MRUK/Scene/HighlightsAndShadows': fallback shader 'Off' not found
Refreshing native plugins compatible for Editor in 21.80 ms, found 13 plugins.
Preloading 3 native plugins for Editor in 0.31 ms.
Unloading 6032 Unused Serialized files (Serialized files now loaded: 0)
Unloading 83 unused Assets / (470.2 KB). Loaded Objects now: 6585.
Memory consumption went from 206.6 MB to 206.2 MB.
Total: 10.442800 ms (FindLiveObjects: 1.372100 ms CreateObjectMapping: 0.372500 ms MarkObjects: 8.277900 ms  DeleteObjects: 0.418400 ms)

Prepare: number of updated asset objects reloaded= 0
AssetImportParameters requested are different than current active one (requested -> active):
  custom:container-demuxer-ogg: 62fdf1f143b41e24485cea50d1cbac27 -> 
  custom:video-decoder-ogg-theora: a1e56fd34408186e4bbccfd4996cb3dc -> 
  custom:framework-win-MediaFoundation: 216162199b28c13a410421893ffa2e32 -> 
  custom:CustomObjectIndexerAttribute: 9a22284fe3817be447336de3de66b15e -> 
  custom:container-demuxer-webm: 4f35f7cbe854078d1ac9338744f61a02 -> 
  custom:container-muxer-webm: aa71ff27fc2769a1b78a27578f13a17b -> 
  custom:video-decoder-webm-vp8: 9c59270c3fd7afecdb556c50c9e8de78 -> 
  custom:SearchIndexIgnoredProperties: e643bd26f0fe6173181afceb89e7c659 -> 
  custom:AudioImporter_EditorPlatform: d09bf68614088b80899f8185d706f6e7 -> 
  custom:video-encoder-webm-vp8: eb34c28f22e8b96e1ab97ce403110664 -> 
  custom:audio-decoder-ogg-vorbis: bf7c407c2cedff20999df2af8eb42d56 -> 
  custom:audio-encoder-webm-vorbis: bf7c407c2cedff20999df2af8eb42d56 -> 
========================================================================
Received Prepare
Caller must complete domain reload
Begin MonoManager ReloadAssembly
Symbol file LoadedFromMemory is not a mono symbol file
- Loaded All Assemblies, in  0.338 seconds
Native extension for WindowsStandalone target not found
Native extension for Android target not found
[Package Manager] Server::EnsureServerProcessIsRunning -- launch failed, reason: Unity was launched with the -noUpm command-line argument
[Package Manager] UpmClient::Send -- Unable to send message (not connected to UPM process).
[Package Manager] Cannot connect to Unity Package Manager local server
[Package Manager] Server::EnsureServerProcessIsRunning -- launch failed, reason: Unity was launched with the -noUpm command-line argument
[Package Manager] UpmClient::Send -- Unable to send message (not connected to UPM process).
[Package Manager] Cannot connect to Unity Package Manager local server
System.Reflection.TargetInvocationException: Exception has been thrown by the target of an invocation. ---> System.NullReferenceException: Object reference not set to an instance of an object
  at Unity.XR.Oculus.OculusLoader.AssetPathToAbsolutePath (System.String assetPath) [0x0003d] in .\Library\PackageCache\com.unity.xr.oculus@4.2.0\Runtime\OculusLoader.cs:298 
  at Unity.XR.Oculus.OculusLoader.EditorLoadOVRPlugin () [0x0008c] in .\Library\PackageCache\com.unity.xr.oculus@4.2.0\Runtime\OculusLoader.cs:283 
  at (wrapper managed-to-native) System.Reflection.RuntimeMethodInfo.InternalInvoke(System.Reflection.RuntimeMethodInfo,object,object[],System.Exception&)
  at System.Reflection.RuntimeMethodInfo.Invoke (System.Object obj, System.Reflection.BindingFlags invokeAttr, System.Reflection.Binder binder, System.Object[] parameters, System.Globalization.CultureInfo culture) [0x0006a] in <8ce0bd04a7a04b4b9395538239d3fdd8>:0 
   --- End of inner exception stack trace ---
  at System.Reflection.RuntimeMethodInfo.Invoke (System.Object obj, System.Reflection.BindingFlags invokeAttr, System.Reflection.Binder binder, System.Object[] parameters, System.Globalization.CultureInfo culture) [0x00083] in <8ce0bd04a7a04b4b9395538239d3fdd8>:0 
  at System.Reflection.MethodBase.Invoke (System.Object obj, System.Object[] parameters) [0x00000] in <8ce0bd04a7a04b4b9395538239d3fdd8>:0 
  at UnityEditor.EditorAssemblies.ProcessInitializeOnLoadMethodAttributes () [0x000a5] in <fd823a7663ea4cdb840e6c898e2256ce>:0 
UnityEngine.StackTraceUtility:ExtractStackTrace ()
UnityEngine.DebugLogHandler:LogFormat (UnityEngine.LogType,UnityEngine.Object,string,object[])
UnityEngine.Logger:Log (UnityEngine.LogType,object)
UnityEngine.Debug:LogError (object)
UnityEditor.EditorAssemblies:ProcessInitializeOnLoadMethodAttributes ()

Mono: successfully reloaded assembly
[Package Manager] Server::EnsureServerProcessIsRunning -- launch failed, reason: Unity was launched with the -noUpm command-line argument
[Package Manager] UpmClient::Send -- Unable to send message (not connected to UPM process).
[Package Manager] Cannot connect to Unity Package Manager local server
- Finished resetting the current domain, in  0.880 seconds
Domain Reload Profiling: 1214ms
	BeginReloadAssembly (111ms)
		ExecutionOrderSort (0ms)
		DisableScriptedObjects (2ms)
		BackupInstance (0ms)
		ReleaseScriptingObjects (0ms)
		CreateAndSetChildDomain (33ms)
	RebuildCommonClasses (19ms)
	RebuildNativeTypeToScriptingClass (6ms)
	initialDomainReloadingComplete (19ms)
	LoadAllAssembliesAndSetupDomain (178ms)
		LoadAssemblies (213ms)
		RebuildTransferFunctionScriptingTraits (0ms)
		AnalyzeDomain (14ms)
			TypeCache.Refresh (4ms)
				TypeCache.ScanAssembly (0ms)
			ScanForSourceGeneratedMonoScriptInfo (0ms)
			ResolveRequiredComponents (9ms)
	FinalizeReload (881ms)
		ReleaseScriptCaches (0ms)
		RebuildScriptCaches (0ms)
		SetupLoadedEditorAssemblies (465ms)
			LogAssemblyErrors (0ms)
			InitializePlatformSupportModulesInManaged (18ms)
			SetLoadedEditorAssemblies (2ms)
			RefreshPlugins (0ms)
			BeforeProcessingInitializeOnLoad (65ms)
			ProcessInitializeOnLoadAttributes (327ms)
			ProcessInitializeOnLoadMethodAttributes (44ms)
			AfterProcessingInitializeOnLoad (9ms)
			EditorAssembliesLoaded (0ms)
		ExecutionOrderSort2 (0ms)
		AwakeInstancesAfterBackupRestoration (7ms)
Shader 'Oculus/OVRMRCameraFrameLit': fallback shader 'Alpha-Diffuse' not found
Shader 'Meta/MRUK/Scene/HighlightsAndShadows': fallback shader 'Off' not found
Refreshing native plugins compatible for Editor in 24.16 ms, found 13 plugins.
Preloading 3 native plugins for Editor in 0.19 ms.
Unloading 6033 Unused Serialized files (Serialized files now loaded: 0)
Unloading 83 unused Assets / (478.2 KB). Loaded Objects now: 6588.
Memory consumption went from 206.9 MB to 206.4 MB.
Total: 9.971300 ms (FindLiveObjects: 0.673500 ms CreateObjectMapping: 0.518200 ms MarkObjects: 8.331500 ms  DeleteObjects: 0.446400 ms)

Prepare: number of updated asset objects reloaded= 0
AssetImportParameters requested are different than current active one (requested -> active):
  custom:container-demuxer-ogg: 62fdf1f143b41e24485cea50d1cbac27 -> 
  custom:video-decoder-ogg-theora: a1e56fd34408186e4bbccfd4996cb3dc -> 
  custom:framework-win-MediaFoundation: 216162199b28c13a410421893ffa2e32 -> 
  custom:CustomObjectIndexerAttribute: 9a22284fe3817be447336de3de66b15e -> 
  custom:container-demuxer-webm: 4f35f7cbe854078d1ac9338744f61a02 -> 
  custom:container-muxer-webm: aa71ff27fc2769a1b78a27578f13a17b -> 
  custom:video-decoder-webm-vp8: 9c59270c3fd7afecdb556c50c9e8de78 -> 
  custom:SearchIndexIgnoredProperties: e643bd26f0fe6173181afceb89e7c659 -> 
  custom:AudioImporter_EditorPlatform: d09bf68614088b80899f8185d706f6e7 -> 
  custom:video-encoder-webm-vp8: eb34c28f22e8b96e1ab97ce403110664 -> 
  custom:audio-decoder-ogg-vorbis: bf7c407c2cedff20999df2af8eb42d56 -> 
  custom:audio-encoder-webm-vorbis: bf7c407c2cedff20999df2af8eb42d56 -> 
========================================================================
Received Import Request.
  Time since last request: 232.159295 seconds.
  path: Assets/Oculus/LipSync/Audio/vox_lp_01_lipSync.asset
  artifactKey: Guid(1ccea2acd443f4ad4bb9a9f33fc960c0) Importer(815301076,1909f56bfc062723c751e8b465ee728b)
Start importing Assets/Oculus/LipSync/Audio/vox_lp_01_lipSync.asset using Guid(1ccea2acd443f4ad4bb9a9f33fc960c0) Importer(815301076,1909f56bfc062723c751e8b465ee728b) [PhysX] Initialized MultithreadedTaskDispatcher with 16 workers.
 -> (artifact id: '953b2f847519aaee7d9b9f408089f79b') in 0.016942 seconds
Number of updated asset objects reloaded before import = 0
Number of asset objects unloaded after import = 1
========================================================================
Received Import Request.
  Time since last request: 200.448517 seconds.
  path: Assets/Jasmine/Animation/Breathing Idle (1).fbx
  artifactKey: Guid(af5718f4d6320b74f8cb68fb4b228cb7) Importer(815301076,1909f56bfc062723c751e8b465ee728b)
Start importing Assets/Jasmine/Animation/Breathing Idle (1).fbx using Guid(af5718f4d6320b74f8cb68fb4b228cb7) Importer(815301076,1909f56bfc062723c751e8b465ee728b) [PhysX] Initialized MultithreadedTaskDispatcher with 16 workers.
 -> (artifact id: 'de7f3d57265cfbfbcf91c05f33970a05') in 0.012949 seconds
Number of updated asset objects reloaded before import = 0
Number of asset objects unloaded after import = 167
========================================================================
Received Import Request.
  Time since last request: 39.973638 seconds.
  path: Assets/Jasmine/Animation/Breathing Idle (1).fbx
  artifactKey: Guid(af5718f4d6320b74f8cb68fb4b228cb7) Importer(815301076,1909f56bfc062723c751e8b465ee728b)
Start importing Assets/Jasmine/Animation/Breathing Idle (1).fbx using Guid(af5718f4d6320b74f8cb68fb4b228cb7) Importer(815301076,1909f56bfc062723c751e8b465ee728b) [PhysX] Initialized MultithreadedTaskDispatcher with 16 workers.
 -> (artifact id: 'acdf85d4dabd779955f561acff7a0dd9') in 0.003782 seconds
Number of updated asset objects reloaded before import = 0
Number of asset objects unloaded after import = 169
========================================================================
Received Import Request.
  Time since last request: 188.631938 seconds.
  path: Assets/Jasmine/Animation/Breathing Idle.fbx
  artifactKey: Guid(af5718f4d6320b74f8cb68fb4b228cb7) Importer(815301076,1909f56bfc062723c751e8b465ee728b)
Start importing Assets/Jasmine/Animation/Breathing Idle.fbx using Guid(af5718f4d6320b74f8cb68fb4b228cb7) Importer(815301076,1909f56bfc062723c751e8b465ee728b) [PhysX] Initialized MultithreadedTaskDispatcher with 16 workers.
 -> (artifact id: '5557cb203c344c444196e9d7d06f6abc') in 0.003524 seconds
Number of updated asset objects reloaded before import = 0
Number of asset objects unloaded after import = 167
========================================================================
Received Import Request.
  Time since last request: 176.086356 seconds.
  path: Assets/Jasmine/RocketBox/Avatars/Female_Adult_03/Export/Female_Adult_03_facial.fbx
  artifactKey: Guid(c307790307e7fcf4d8f583609339d736) Importer(815301076,1909f56bfc062723c751e8b465ee728b)
Start importing Assets/Jasmine/RocketBox/Avatars/Female_Adult_03/Export/Female_Adult_03_facial.fbx using Guid(c307790307e7fcf4d8f583609339d736) Importer(815301076,1909f56bfc062723c751e8b465ee728b) [PhysX] Initialized MultithreadedTaskDispatcher with 16 workers.
[PhysX] Initialized MultithreadedTaskDispatcher with 16 workers.
[PhysX] Initialized MultithreadedTaskDispatcher with 16 workers.
[PhysX] Initialized MultithreadedTaskDispatcher with 16 workers.
[PhysX] Initialized MultithreadedTaskDispatcher with 16 workers.
[PhysX] Initialized MultithreadedTaskDispatcher with 16 workers.
[PhysX] Initialized MultithreadedTaskDispatcher with 16 workers.
 -> (artifact id: '226e05758d38adcd95858cf04cf994d2') in 0.076572 seconds
Number of updated asset objects reloaded before import = 0
Number of asset objects unloaded after import = 181
========================================================================
Received Import Request.
  Time since last request: 59.022789 seconds.
  path: Assets/Jasmine/Animation/Breathing Idle.fbx
  artifactKey: Guid(af5718f4d6320b74f8cb68fb4b228cb7) Importer(815301076,1909f56bfc062723c751e8b465ee728b)
Start importing Assets/Jasmine/Animation/Breathing Idle.fbx using Guid(af5718f4d6320b74f8cb68fb4b228cb7) Importer(815301076,1909f56bfc062723c751e8b465ee728b) [PhysX] Initialized MultithreadedTaskDispatcher with 16 workers.
 -> (artifact id: '33b0040109ce704c6c022af80037d297') in 0.003316 seconds
Number of updated asset objects reloaded before import = 0
Number of asset objects unloaded after import = 167
========================================================================
Received Import Request.
  Time since last request: 18.372893 seconds.
  path: Assets/Jasmine/Animation/Breathing Idle.fbx
  artifactKey: Guid(af5718f4d6320b74f8cb68fb4b228cb7) Importer(815301076,1909f56bfc062723c751e8b465ee728b)
Start importing Assets/Jasmine/Animation/Breathing Idle.fbx using Guid(af5718f4d6320b74f8cb68fb4b228cb7) Importer(815301076,1909f56bfc062723c751e8b465ee728b) [PhysX] Initialized MultithreadedTaskDispatcher with 16 workers.
 -> (artifact id: '1af126a377a092d49327b18ab494dd86') in 0.002779 seconds
Number of updated asset objects reloaded before import = 0
Number of asset objects unloaded after import = 166
========================================================================
Received Prepare
Caller must complete domain reload
Begin MonoManager ReloadAssembly
Symbol file LoadedFromMemory is not a mono symbol file
- Loaded All Assemblies, in  0.347 seconds
Native extension for WindowsStandalone target not found
Native extension for Android target not found
[Package Manager] Server::EnsureServerProcessIsRunning -- launch failed, reason: Unity was launched with the -noUpm command-line argument
[Package Manager] UpmClient::Send -- Unable to send message (not connected to UPM process).
[Package Manager] Cannot connect to Unity Package Manager local server
[Package Manager] Server::EnsureServerProcessIsRunning -- launch failed, reason: Unity was launched with the -noUpm command-line argument
[Package Manager] UpmClient::Send -- Unable to send message (not connected to UPM process).
[Package Manager] Cannot connect to Unity Package Manager local server
System.Reflection.TargetInvocationException: Exception has been thrown by the target of an invocation. ---> System.NullReferenceException: Object reference not set to an instance of an object
  at Unity.XR.Oculus.OculusLoader.AssetPathToAbsolutePath (System.String assetPath) [0x0003d] in .\Library\PackageCache\com.unity.xr.oculus@4.2.0\Runtime\OculusLoader.cs:298 
  at Unity.XR.Oculus.OculusLoader.EditorLoadOVRPlugin () [0x0008c] in .\Library\PackageCache\com.unity.xr.oculus@4.2.0\Runtime\OculusLoader.cs:283 
  at (wrapper managed-to-native) System.Reflection.RuntimeMethodInfo.InternalInvoke(System.Reflection.RuntimeMethodInfo,object,object[],System.Exception&)
  at System.Reflection.RuntimeMethodInfo.Invoke (System.Object obj, System.Reflection.BindingFlags invokeAttr, System.Reflection.Binder binder, System.Object[] parameters, System.Globalization.CultureInfo culture) [0x0006a] in <8ce0bd04a7a04b4b9395538239d3fdd8>:0 
   --- End of inner exception stack trace ---
  at System.Reflection.RuntimeMethodInfo.Invoke (System.Object obj, System.Reflection.BindingFlags invokeAttr, System.Reflection.Binder binder, System.Object[] parameters, System.Globalization.CultureInfo culture) [0x00083] in <8ce0bd04a7a04b4b9395538239d3fdd8>:0 
  at System.Reflection.MethodBase.Invoke (System.Object obj, System.Object[] parameters) [0x00000] in <8ce0bd04a7a04b4b9395538239d3fdd8>:0 
  at UnityEditor.EditorAssemblies.ProcessInitializeOnLoadMethodAttributes () [0x000a5] in <fd823a7663ea4cdb840e6c898e2256ce>:0 
UnityEngine.StackTraceUtility:ExtractStackTrace ()
UnityEngine.DebugLogHandler:LogFormat (UnityEngine.LogType,UnityEngine.Object,string,object[])
UnityEngine.Logger:Log (UnityEngine.LogType,object)
UnityEngine.Debug:LogError (object)
UnityEditor.EditorAssemblies:ProcessInitializeOnLoadMethodAttributes ()

Mono: successfully reloaded assembly
[Package Manager] Server::EnsureServerProcessIsRunning -- launch failed, reason: Unity was launched with the -noUpm command-line argument
[Package Manager] UpmClient::Send -- Unable to send message (not connected to UPM process).
[Package Manager] Cannot connect to Unity Package Manager local server
- Finished resetting the current domain, in  0.889 seconds
Domain Reload Profiling: 1232ms
	BeginReloadAssembly (112ms)
		ExecutionOrderSort (0ms)
		DisableScriptedObjects (2ms)
		BackupInstance (0ms)
		ReleaseScriptingObjects (0ms)
		CreateAndSetChildDomain (38ms)
	RebuildCommonClasses (18ms)
	RebuildNativeTypeToScriptingClass (6ms)
	initialDomainReloadingComplete (19ms)
	LoadAllAssembliesAndSetupDomain (188ms)
		LoadAssemblies (219ms)
		RebuildTransferFunctionScriptingTraits (0ms)
		AnalyzeDomain (16ms)
			TypeCache.Refresh (4ms)
				TypeCache.ScanAssembly (0ms)
			ScanForSourceGeneratedMonoScriptInfo (0ms)
			ResolveRequiredComponents (10ms)
	FinalizeReload (889ms)
		ReleaseScriptCaches (0ms)
		RebuildScriptCaches (0ms)
		SetupLoadedEditorAssemblies (484ms)
			LogAssemblyErrors (0ms)
			InitializePlatformSupportModulesInManaged (14ms)
			SetLoadedEditorAssemblies (2ms)
			RefreshPlugins (0ms)
			BeforeProcessingInitializeOnLoad (64ms)
			ProcessInitializeOnLoadAttributes (345ms)
			ProcessInitializeOnLoadMethodAttributes (49ms)
			AfterProcessingInitializeOnLoad (9ms)
			EditorAssembliesLoaded (0ms)
		ExecutionOrderSort2 (0ms)
		AwakeInstancesAfterBackupRestoration (6ms)
Shader 'Oculus/OVRMRCameraFrameLit': fallback shader 'Alpha-Diffuse' not found
Shader 'Meta/MRUK/Scene/HighlightsAndShadows': fallback shader 'Off' not found
Refreshing native plugins compatible for Editor in 21.05 ms, found 13 plugins.
Preloading 3 native plugins for Editor in 0.26 ms.
Unloading 6032 Unused Serialized files (Serialized files now loaded: 0)
Unloading 83 unused Assets / (470.1 KB). Loaded Objects now: 6591.
Memory consumption went from 206.7 MB to 206.2 MB.
Total: 9.191800 ms (FindLiveObjects: 0.805600 ms CreateObjectMapping: 0.412600 ms MarkObjects: 7.560800 ms  DeleteObjects: 0.411400 ms)

Prepare: number of updated asset objects reloaded= 0
AssetImportParameters requested are different than current active one (requested -> active):
  custom:container-demuxer-ogg: 62fdf1f143b41e24485cea50d1cbac27 -> 
  custom:video-decoder-ogg-theora: a1e56fd34408186e4bbccfd4996cb3dc -> 
  custom:framework-win-MediaFoundation: 216162199b28c13a410421893ffa2e32 -> 
  custom:CustomObjectIndexerAttribute: 9a22284fe3817be447336de3de66b15e -> 
  custom:container-demuxer-webm: 4f35f7cbe854078d1ac9338744f61a02 -> 
  custom:container-muxer-webm: aa71ff27fc2769a1b78a27578f13a17b -> 
  custom:video-decoder-webm-vp8: 9c59270c3fd7afecdb556c50c9e8de78 -> 
  custom:SearchIndexIgnoredProperties: e643bd26f0fe6173181afceb89e7c659 -> 
  custom:AudioImporter_EditorPlatform: d09bf68614088b80899f8185d706f6e7 -> 
  custom:video-encoder-webm-vp8: eb34c28f22e8b96e1ab97ce403110664 -> 
  custom:audio-decoder-ogg-vorbis: bf7c407c2cedff20999df2af8eb42d56 -> 
  custom:audio-encoder-webm-vorbis: bf7c407c2cedff20999df2af8eb42d56 -> 
========================================================================
Received Import Request.
  Time since last request: 633.799993 seconds.
  path: Assets/Jasmine/RocketBox/Avatars/Male_Adult_03/Export/Male_Adult_03.fbx
  artifactKey: Guid(c0c952e33a301e14794aff2efe257337) Importer(815301076,1909f56bfc062723c751e8b465ee728b)
Start importing Assets/Jasmine/RocketBox/Avatars/Male_Adult_03/Export/Male_Adult_03.fbx using Guid(c0c952e33a301e14794aff2efe257337) Importer(815301076,1909f56bfc062723c751e8b465ee728b) [PhysX] Initialized MultithreadedTaskDispatcher with 16 workers.
[PhysX] Initialized MultithreadedTaskDispatcher with 16 workers.
[PhysX] Initialized MultithreadedTaskDispatcher with 16 workers.
[PhysX] Initialized MultithreadedTaskDispatcher with 16 workers.
[PhysX] Initialized MultithreadedTaskDispatcher with 16 workers.
[PhysX] Initialized MultithreadedTaskDispatcher with 16 workers.
[PhysX] Initialized MultithreadedTaskDispatcher with 16 workers.
 -> (artifact id: 'b0aff8a48105c7c0cb16c6e139eaec7a') in 0.097609 seconds
Number of updated asset objects reloaded before import = 0
Number of asset objects unloaded after import = 181
========================================================================
Received Import Request.
  Time since last request: 18.181848 seconds.
  path: Assets/Jasmine/Animation/Breathing Idle.fbx
  artifactKey: Guid(af5718f4d6320b74f8cb68fb4b228cb7) Importer(815301076,1909f56bfc062723c751e8b465ee728b)
Start importing Assets/Jasmine/Animation/Breathing Idle.fbx using Guid(af5718f4d6320b74f8cb68fb4b228cb7) Importer(815301076,1909f56bfc062723c751e8b465ee728b) [PhysX] Initialized MultithreadedTaskDispatcher with 16 workers.
 -> (artifact id: 'c7956a2bb933259e729b3593233f5fc0') in 0.004050 seconds
Number of updated asset objects reloaded before import = 0
Number of asset objects unloaded after import = 169
========================================================================
Received Import Request.
  Time since last request: 208.402052 seconds.
  path: Assets/Jasmine/Animation/Breathing Idle.fbx
  artifactKey: Guid(af5718f4d6320b74f8cb68fb4b228cb7) Importer(815301076,1909f56bfc062723c751e8b465ee728b)
Start importing Assets/Jasmine/Animation/Breathing Idle.fbx using Guid(af5718f4d6320b74f8cb68fb4b228cb7) Importer(815301076,1909f56bfc062723c751e8b465ee728b) [PhysX] Initialized MultithreadedTaskDispatcher with 16 workers.
 -> (artifact id: 'b2d05e0852df9481d923ea56f6491b93') in 0.003277 seconds
Number of updated asset objects reloaded before import = 0
Number of asset objects unloaded after import = 169
========================================================================
Received Import Request.
  Time since last request: 5.516865 seconds.
  path: Assets/Jasmine/Animation/Female_Adult_03_facial.controller
  artifactKey: Guid(3d8516d3f81d2134faae5a848cdc871f) Importer(815301076,1909f56bfc062723c751e8b465ee728b)
Start importing Assets/Jasmine/Animation/Female_Adult_03_facial.controller using Guid(3d8516d3f81d2134faae5a848cdc871f) Importer(815301076,1909f56bfc062723c751e8b465ee728b) [PhysX] Initialized MultithreadedTaskDispatcher with 16 workers.
 -> (artifact id: '67a2d4e9ff86bc22ce3824c92d7acf1b') in 0.001966 seconds
Number of updated asset objects reloaded before import = 0
Number of asset objects unloaded after import = 4
========================================================================
Received Prepare
Caller must complete domain reload
Begin MonoManager ReloadAssembly
Symbol file LoadedFromMemory is not a mono symbol file
- Loaded All Assemblies, in  0.374 seconds
Native extension for WindowsStandalone target not found
Native extension for Android target not found
[Package Manager] Server::EnsureServerProcessIsRunning -- launch failed, reason: Unity was launched with the -noUpm command-line argument
[Package Manager] UpmClient::Send -- Unable to send message (not connected to UPM process).
[Package Manager] Cannot connect to Unity Package Manager local server
[Package Manager] Server::EnsureServerProcessIsRunning -- launch failed, reason: Unity was launched with the -noUpm command-line argument
[Package Manager] UpmClient::Send -- Unable to send message (not connected to UPM process).
[Package Manager] Cannot connect to Unity Package Manager local server
System.Reflection.TargetInvocationException: Exception has been thrown by the target of an invocation. ---> System.NullReferenceException: Object reference not set to an instance of an object
  at Unity.XR.Oculus.OculusLoader.AssetPathToAbsolutePath (System.String assetPath) [0x0003d] in .\Library\PackageCache\com.unity.xr.oculus@4.2.0\Runtime\OculusLoader.cs:298 
  at Unity.XR.Oculus.OculusLoader.EditorLoadOVRPlugin () [0x0008c] in .\Library\PackageCache\com.unity.xr.oculus@4.2.0\Runtime\OculusLoader.cs:283 
  at (wrapper managed-to-native) System.Reflection.RuntimeMethodInfo.InternalInvoke(System.Reflection.RuntimeMethodInfo,object,object[],System.Exception&)
  at System.Reflection.RuntimeMethodInfo.Invoke (System.Object obj, System.Reflection.BindingFlags invokeAttr, System.Reflection.Binder binder, System.Object[] parameters, System.Globalization.CultureInfo culture) [0x0006a] in <8ce0bd04a7a04b4b9395538239d3fdd8>:0 
   --- End of inner exception stack trace ---
  at System.Reflection.RuntimeMethodInfo.Invoke (System.Object obj, System.Reflection.BindingFlags invokeAttr, System.Reflection.Binder binder, System.Object[] parameters, System.Globalization.CultureInfo culture) [0x00083] in <8ce0bd04a7a04b4b9395538239d3fdd8>:0 
  at System.Reflection.MethodBase.Invoke (System.Object obj, System.Object[] parameters) [0x00000] in <8ce0bd04a7a04b4b9395538239d3fdd8>:0 
  at UnityEditor.EditorAssemblies.ProcessInitializeOnLoadMethodAttributes () [0x000a5] in <fd823a7663ea4cdb840e6c898e2256ce>:0 
UnityEngine.StackTraceUtility:ExtractStackTrace ()
UnityEngine.DebugLogHandler:LogFormat (UnityEngine.LogType,UnityEngine.Object,string,object[])
UnityEngine.Logger:Log (UnityEngine.LogType,object)
UnityEngine.Debug:LogError (object)
UnityEditor.EditorAssemblies:ProcessInitializeOnLoadMethodAttributes ()

Mono: successfully reloaded assembly
[Package Manager] Server::EnsureServerProcessIsRunning -- launch failed, reason: Unity was launched with the -noUpm command-line argument
[Package Manager] UpmClient::Send -- Unable to send message (not connected to UPM process).
[Package Manager] Cannot connect to Unity Package Manager local server
- Finished resetting the current domain, in  0.965 seconds
Domain Reload Profiling: 1332ms
	BeginReloadAssembly (114ms)
		ExecutionOrderSort (0ms)
		DisableScriptedObjects (2ms)
		BackupInstance (0ms)
		ReleaseScriptingObjects (0ms)
		CreateAndSetChildDomain (35ms)
	RebuildCommonClasses (18ms)
	RebuildNativeTypeToScriptingClass (7ms)
	initialDomainReloadingComplete (20ms)
	LoadAllAssembliesAndSetupDomain (207ms)
		LoadAssemblies (242ms)
		RebuildTransferFunctionScriptingTraits (0ms)
		AnalyzeDomain (15ms)
			TypeCache.Refresh (4ms)
				TypeCache.ScanAssembly (0ms)
			ScanForSourceGeneratedMonoScriptInfo (0ms)
			ResolveRequiredComponents (9ms)
	FinalizeReload (966ms)
		ReleaseScriptCaches (0ms)
		RebuildScriptCaches (0ms)
		SetupLoadedEditorAssemblies (542ms)
			LogAssemblyErrors (0ms)
			InitializePlatformSupportModulesInManaged (19ms)
			SetLoadedEditorAssemblies (2ms)
			RefreshPlugins (0ms)
			BeforeProcessingInitializeOnLoad (71ms)
			ProcessInitializeOnLoadAttributes (393ms)
			ProcessInitializeOnLoadMethodAttributes (46ms)
			AfterProcessingInitializeOnLoad (11ms)
			EditorAssembliesLoaded (0ms)
		ExecutionOrderSort2 (0ms)
		AwakeInstancesAfterBackupRestoration (6ms)
Shader 'Oculus/OVRMRCameraFrameLit': fallback shader 'Alpha-Diffuse' not found
Shader 'Meta/MRUK/Scene/HighlightsAndShadows': fallback shader 'Off' not found
Refreshing native plugins compatible for Editor in 22.51 ms, found 13 plugins.
Preloading 3 native plugins for Editor in 0.17 ms.
Unloading 6032 Unused Serialized files (Serialized files now loaded: 0)
Unloading 83 unused Assets / (470.4 KB). Loaded Objects now: 6594.
Memory consumption went from 206.7 MB to 206.2 MB.
Total: 9.611700 ms (FindLiveObjects: 0.736400 ms CreateObjectMapping: 0.464600 ms MarkObjects: 7.896400 ms  DeleteObjects: 0.512100 ms)

Prepare: number of updated asset objects reloaded= 0
AssetImportParameters requested are different than current active one (requested -> active):
  custom:container-demuxer-ogg: 62fdf1f143b41e24485cea50d1cbac27 -> 
  custom:video-decoder-ogg-theora: a1e56fd34408186e4bbccfd4996cb3dc -> 
  custom:framework-win-MediaFoundation: 216162199b28c13a410421893ffa2e32 -> 
  custom:CustomObjectIndexerAttribute: 9a22284fe3817be447336de3de66b15e -> 
  custom:container-demuxer-webm: 4f35f7cbe854078d1ac9338744f61a02 -> 
  custom:container-muxer-webm: aa71ff27fc2769a1b78a27578f13a17b -> 
  custom:video-decoder-webm-vp8: 9c59270c3fd7afecdb556c50c9e8de78 -> 
  custom:SearchIndexIgnoredProperties: e643bd26f0fe6173181afceb89e7c659 -> 
  custom:AudioImporter_EditorPlatform: d09bf68614088b80899f8185d706f6e7 -> 
  custom:video-encoder-webm-vp8: eb34c28f22e8b96e1ab97ce403110664 -> 
  custom:audio-decoder-ogg-vorbis: bf7c407c2cedff20999df2af8eb42d56 -> 
  custom:audio-encoder-webm-vorbis: bf7c407c2cedff20999df2af8eb42d56 -> 
========================================================================
Received Import Request.
  Time since last request: 70.083677 seconds.
  path: Assets/Jasmine/Animation/Female_Adult_03_facial.controller
  artifactKey: Guid(3d8516d3f81d2134faae5a848cdc871f) Importer(815301076,1909f56bfc062723c751e8b465ee728b)
Start importing Assets/Jasmine/Animation/Female_Adult_03_facial.controller using Guid(3d8516d3f81d2134faae5a848cdc871f) Importer(815301076,1909f56bfc062723c751e8b465ee728b) [PhysX] Initialized MultithreadedTaskDispatcher with 16 workers.
 -> (artifact id: 'aa749abb42e09bb6a388d4af884d3e09') in 0.012514 seconds
Number of updated asset objects reloaded before import = 0
Number of asset objects unloaded after import = 2
========================================================================
Received Prepare
Caller must complete domain reload
Begin MonoManager ReloadAssembly
Symbol file LoadedFromMemory is not a mono symbol file
- Loaded All Assemblies, in  0.345 seconds
Native extension for WindowsStandalone target not found
Native extension for Android target not found
[Package Manager] Server::EnsureServerProcessIsRunning -- launch failed, reason: Unity was launched with the -noUpm command-line argument
[Package Manager] UpmClient::Send -- Unable to send message (not connected to UPM process).
[Package Manager] Cannot connect to Unity Package Manager local server
[Package Manager] Server::EnsureServerProcessIsRunning -- launch failed, reason: Unity was launched with the -noUpm command-line argument
[Package Manager] UpmClient::Send -- Unable to send message (not connected to UPM process).
[Package Manager] Cannot connect to Unity Package Manager local server
System.Reflection.TargetInvocationException: Exception has been thrown by the target of an invocation. ---> System.NullReferenceException: Object reference not set to an instance of an object
  at Unity.XR.Oculus.OculusLoader.AssetPathToAbsolutePath (System.String assetPath) [0x0003d] in .\Library\PackageCache\com.unity.xr.oculus@4.2.0\Runtime\OculusLoader.cs:298 
  at Unity.XR.Oculus.OculusLoader.EditorLoadOVRPlugin () [0x0008c] in .\Library\PackageCache\com.unity.xr.oculus@4.2.0\Runtime\OculusLoader.cs:283 
  at (wrapper managed-to-native) System.Reflection.RuntimeMethodInfo.InternalInvoke(System.Reflection.RuntimeMethodInfo,object,object[],System.Exception&)
  at System.Reflection.RuntimeMethodInfo.Invoke (System.Object obj, System.Reflection.BindingFlags invokeAttr, System.Reflection.Binder binder, System.Object[] parameters, System.Globalization.CultureInfo culture) [0x0006a] in <8ce0bd04a7a04b4b9395538239d3fdd8>:0 
   --- End of inner exception stack trace ---
  at System.Reflection.RuntimeMethodInfo.Invoke (System.Object obj, System.Reflection.BindingFlags invokeAttr, System.Reflection.Binder binder, System.Object[] parameters, System.Globalization.CultureInfo culture) [0x00083] in <8ce0bd04a7a04b4b9395538239d3fdd8>:0 
  at System.Reflection.MethodBase.Invoke (System.Object obj, System.Object[] parameters) [0x00000] in <8ce0bd04a7a04b4b9395538239d3fdd8>:0 
  at UnityEditor.EditorAssemblies.ProcessInitializeOnLoadMethodAttributes () [0x000a5] in <fd823a7663ea4cdb840e6c898e2256ce>:0 
UnityEngine.StackTraceUtility:ExtractStackTrace ()
UnityEngine.DebugLogHandler:LogFormat (UnityEngine.LogType,UnityEngine.Object,string,object[])
UnityEngine.Logger:Log (UnityEngine.LogType,object)
UnityEngine.Debug:LogError (object)
UnityEditor.EditorAssemblies:ProcessInitializeOnLoadMethodAttributes ()

Mono: successfully reloaded assembly
[Package Manager] Server::EnsureServerProcessIsRunning -- launch failed, reason: Unity was launched with the -noUpm command-line argument
[Package Manager] UpmClient::Send -- Unable to send message (not connected to UPM process).
[Package Manager] Cannot connect to Unity Package Manager local server
- Finished resetting the current domain, in  0.892 seconds
Domain Reload Profiling: 1233ms
	BeginReloadAssembly (115ms)
		ExecutionOrderSort (0ms)
		DisableScriptedObjects (2ms)
		BackupInstance (0ms)
		ReleaseScriptingObjects (0ms)
		CreateAndSetChildDomain (36ms)
	RebuildCommonClasses (17ms)
	RebuildNativeTypeToScriptingClass (6ms)
	initialDomainReloadingComplete (18ms)
	LoadAllAssembliesAndSetupDomain (184ms)
		LoadAssemblies (219ms)
		RebuildTransferFunctionScriptingTraits (0ms)
		AnalyzeDomain (18ms)
			TypeCache.Refresh (4ms)
				TypeCache.ScanAssembly (0ms)
			ScanForSourceGeneratedMonoScriptInfo (0ms)
			ResolveRequiredComponents (12ms)
	FinalizeReload (893ms)
		ReleaseScriptCaches (0ms)
		RebuildScriptCaches (0ms)
		SetupLoadedEditorAssemblies (474ms)
			LogAssemblyErrors (0ms)
			InitializePlatformSupportModulesInManaged (14ms)
			SetLoadedEditorAssemblies (3ms)
			RefreshPlugins (0ms)
			BeforeProcessingInitializeOnLoad (64ms)
			ProcessInitializeOnLoadAttributes (343ms)
			ProcessInitializeOnLoadMethodAttributes (42ms)
			AfterProcessingInitializeOnLoad (8ms)
			EditorAssembliesLoaded (0ms)
		ExecutionOrderSort2 (0ms)
		AwakeInstancesAfterBackupRestoration (6ms)
Shader 'Oculus/OVRMRCameraFrameLit': fallback shader 'Alpha-Diffuse' not found
Shader 'Meta/MRUK/Scene/HighlightsAndShadows': fallback shader 'Off' not found
Refreshing native plugins compatible for Editor in 22.10 ms, found 13 plugins.
Preloading 3 native plugins for Editor in 0.23 ms.
Unloading 6032 Unused Serialized files (Serialized files now loaded: 0)
Unloading 83 unused Assets / (478.3 KB). Loaded Objects now: 6597.
Memory consumption went from 206.7 MB to 206.3 MB.
Total: 9.084000 ms (FindLiveObjects: 0.687700 ms CreateObjectMapping: 0.373900 ms MarkObjects: 7.348000 ms  DeleteObjects: 0.672900 ms)

Prepare: number of updated asset objects reloaded= 0
AssetImportParameters requested are different than current active one (requested -> active):
  custom:container-demuxer-ogg: 62fdf1f143b41e24485cea50d1cbac27 -> 
  custom:video-decoder-ogg-theora: a1e56fd34408186e4bbccfd4996cb3dc -> 
  custom:framework-win-MediaFoundation: 216162199b28c13a410421893ffa2e32 -> 
  custom:CustomObjectIndexerAttribute: 9a22284fe3817be447336de3de66b15e -> 
  custom:container-demuxer-webm: 4f35f7cbe854078d1ac9338744f61a02 -> 
  custom:container-muxer-webm: aa71ff27fc2769a1b78a27578f13a17b -> 
  custom:video-decoder-webm-vp8: 9c59270c3fd7afecdb556c50c9e8de78 -> 
  custom:SearchIndexIgnoredProperties: e643bd26f0fe6173181afceb89e7c659 -> 
  custom:AudioImporter_EditorPlatform: d09bf68614088b80899f8185d706f6e7 -> 
  custom:video-encoder-webm-vp8: eb34c28f22e8b96e1ab97ce403110664 -> 
  custom:audio-decoder-ogg-vorbis: bf7c407c2cedff20999df2af8eb42d56 -> 
  custom:audio-encoder-webm-vorbis: bf7c407c2cedff20999df2af8eb42d56 -> 
========================================================================
Received Prepare
Caller must complete domain reload
Begin MonoManager ReloadAssembly
Symbol file LoadedFromMemory is not a mono symbol file
- Loaded All Assemblies, in  0.344 seconds
Native extension for WindowsStandalone target not found
Native extension for Android target not found
[Package Manager] Server::EnsureServerProcessIsRunning -- launch failed, reason: Unity was launched with the -noUpm command-line argument
[Package Manager] UpmClient::Send -- Unable to send message (not connected to UPM process).
[Package Manager] Cannot connect to Unity Package Manager local server
[Package Manager] Server::EnsureServerProcessIsRunning -- launch failed, reason: Unity was launched with the -noUpm command-line argument
[Package Manager] UpmClient::Send -- Unable to send message (not connected to UPM process).
[Package Manager] Cannot connect to Unity Package Manager local server
System.Reflection.TargetInvocationException: Exception has been thrown by the target of an invocation. ---> System.NullReferenceException: Object reference not set to an instance of an object
  at Unity.XR.Oculus.OculusLoader.AssetPathToAbsolutePath (System.String assetPath) [0x0003d] in .\Library\PackageCache\com.unity.xr.oculus@4.2.0\Runtime\OculusLoader.cs:298 
  at Unity.XR.Oculus.OculusLoader.EditorLoadOVRPlugin () [0x0008c] in .\Library\PackageCache\com.unity.xr.oculus@4.2.0\Runtime\OculusLoader.cs:283 
  at (wrapper managed-to-native) System.Reflection.RuntimeMethodInfo.InternalInvoke(System.Reflection.RuntimeMethodInfo,object,object[],System.Exception&)
  at System.Reflection.RuntimeMethodInfo.Invoke (System.Object obj, System.Reflection.BindingFlags invokeAttr, System.Reflection.Binder binder, System.Object[] parameters, System.Globalization.CultureInfo culture) [0x0006a] in <8ce0bd04a7a04b4b9395538239d3fdd8>:0 
   --- End of inner exception stack trace ---
  at System.Reflection.RuntimeMethodInfo.Invoke (System.Object obj, System.Reflection.BindingFlags invokeAttr, System.Reflection.Binder binder, System.Object[] parameters, System.Globalization.CultureInfo culture) [0x00083] in <8ce0bd04a7a04b4b9395538239d3fdd8>:0 
  at System.Reflection.MethodBase.Invoke (System.Object obj, System.Object[] parameters) [0x00000] in <8ce0bd04a7a04b4b9395538239d3fdd8>:0 
  at UnityEditor.EditorAssemblies.ProcessInitializeOnLoadMethodAttributes () [0x000a5] in <fd823a7663ea4cdb840e6c898e2256ce>:0 
UnityEngine.StackTraceUtility:ExtractStackTrace ()
UnityEngine.DebugLogHandler:LogFormat (UnityEngine.LogType,UnityEngine.Object,string,object[])
UnityEngine.Logger:Log (UnityEngine.LogType,object)
UnityEngine.Debug:LogError (object)
UnityEditor.EditorAssemblies:ProcessInitializeOnLoadMethodAttributes ()

Mono: successfully reloaded assembly
[Package Manager] Server::EnsureServerProcessIsRunning -- launch failed, reason: Unity was launched with the -noUpm command-line argument
[Package Manager] UpmClient::Send -- Unable to send message (not connected to UPM process).
[Package Manager] Cannot connect to Unity Package Manager local server
- Finished resetting the current domain, in  0.914 seconds
Domain Reload Profiling: 1254ms
	BeginReloadAssembly (113ms)
		ExecutionOrderSort (0ms)
		DisableScriptedObjects (2ms)
		BackupInstance (0ms)
		ReleaseScriptingObjects (0ms)
		CreateAndSetChildDomain (36ms)
	RebuildCommonClasses (20ms)
	RebuildNativeTypeToScriptingClass (6ms)
	initialDomainReloadingComplete (18ms)
	LoadAllAssembliesAndSetupDomain (182ms)
		LoadAssemblies (218ms)
		RebuildTransferFunctionScriptingTraits (0ms)
		AnalyzeDomain (15ms)
			TypeCache.Refresh (4ms)
				TypeCache.ScanAssembly (0ms)
			ScanForSourceGeneratedMonoScriptInfo (0ms)
			ResolveRequiredComponents (9ms)
	FinalizeReload (915ms)
		ReleaseScriptCaches (0ms)
		RebuildScriptCaches (0ms)
		SetupLoadedEditorAssemblies (505ms)
			LogAssemblyErrors (0ms)
			InitializePlatformSupportModulesInManaged (14ms)
			SetLoadedEditorAssemblies (2ms)
			RefreshPlugins (0ms)
			BeforeProcessingInitializeOnLoad (64ms)
			ProcessInitializeOnLoadAttributes (371ms)
			ProcessInitializeOnLoadMethodAttributes (45ms)
			AfterProcessingInitializeOnLoad (8ms)
			EditorAssembliesLoaded (0ms)
		ExecutionOrderSort2 (0ms)
		AwakeInstancesAfterBackupRestoration (6ms)
Shader 'Oculus/OVRMRCameraFrameLit': fallback shader 'Alpha-Diffuse' not found
Shader 'Meta/MRUK/Scene/HighlightsAndShadows': fallback shader 'Off' not found
Refreshing native plugins compatible for Editor in 22.85 ms, found 13 plugins.
Preloading 3 native plugins for Editor in 0.21 ms.
Unloading 6033 Unused Serialized files (Serialized files now loaded: 0)
Unloading 83 unused Assets / (478.5 KB). Loaded Objects now: 6600.
Memory consumption went from 207.0 MB to 206.5 MB.
Total: 11.142800 ms (FindLiveObjects: 1.526200 ms CreateObjectMapping: 0.553200 ms MarkObjects: 8.544300 ms  DeleteObjects: 0.517500 ms)

Prepare: number of updated asset objects reloaded= 0
AssetImportParameters requested are different than current active one (requested -> active):
  custom:container-demuxer-ogg: 62fdf1f143b41e24485cea50d1cbac27 -> 
  custom:video-decoder-ogg-theora: a1e56fd34408186e4bbccfd4996cb3dc -> 
  custom:framework-win-MediaFoundation: 216162199b28c13a410421893ffa2e32 -> 
  custom:CustomObjectIndexerAttribute: 9a22284fe3817be447336de3de66b15e -> 
  custom:container-demuxer-webm: 4f35f7cbe854078d1ac9338744f61a02 -> 
  custom:container-muxer-webm: aa71ff27fc2769a1b78a27578f13a17b -> 
  custom:video-decoder-webm-vp8: 9c59270c3fd7afecdb556c50c9e8de78 -> 
  custom:SearchIndexIgnoredProperties: e643bd26f0fe6173181afceb89e7c659 -> 
  custom:AudioImporter_EditorPlatform: d09bf68614088b80899f8185d706f6e7 -> 
  custom:video-encoder-webm-vp8: eb34c28f22e8b96e1ab97ce403110664 -> 
  custom:audio-decoder-ogg-vorbis: bf7c407c2cedff20999df2af8eb42d56 -> 
  custom:audio-encoder-webm-vorbis: bf7c407c2cedff20999df2af8eb42d56 -> 
========================================================================
Received Prepare
Caller must complete domain reload
Begin MonoManager ReloadAssembly
Symbol file LoadedFromMemory is not a mono symbol file
- Loaded All Assemblies, in  0.347 seconds
Native extension for WindowsStandalone target not found
Native extension for Android target not found
[Package Manager] Server::EnsureServerProcessIsRunning -- launch failed, reason: Unity was launched with the -noUpm command-line argument
[Package Manager] UpmClient::Send -- Unable to send message (not connected to UPM process).
[Package Manager] Cannot connect to Unity Package Manager local server
[Package Manager] Server::EnsureServerProcessIsRunning -- launch failed, reason: Unity was launched with the -noUpm command-line argument
[Package Manager] UpmClient::Send -- Unable to send message (not connected to UPM process).
[Package Manager] Cannot connect to Unity Package Manager local server
System.Reflection.TargetInvocationException: Exception has been thrown by the target of an invocation. ---> System.NullReferenceException: Object reference not set to an instance of an object
  at Unity.XR.Oculus.OculusLoader.AssetPathToAbsolutePath (System.String assetPath) [0x0003d] in .\Library\PackageCache\com.unity.xr.oculus@4.2.0\Runtime\OculusLoader.cs:298 
  at Unity.XR.Oculus.OculusLoader.EditorLoadOVRPlugin () [0x0008c] in .\Library\PackageCache\com.unity.xr.oculus@4.2.0\Runtime\OculusLoader.cs:283 
  at (wrapper managed-to-native) System.Reflection.RuntimeMethodInfo.InternalInvoke(System.Reflection.RuntimeMethodInfo,object,object[],System.Exception&)
  at System.Reflection.RuntimeMethodInfo.Invoke (System.Object obj, System.Reflection.BindingFlags invokeAttr, System.Reflection.Binder binder, System.Object[] parameters, System.Globalization.CultureInfo culture) [0x0006a] in <8ce0bd04a7a04b4b9395538239d3fdd8>:0 
   --- End of inner exception stack trace ---
  at System.Reflection.RuntimeMethodInfo.Invoke (System.Object obj, System.Reflection.BindingFlags invokeAttr, System.Reflection.Binder binder, System.Object[] parameters, System.Globalization.CultureInfo culture) [0x00083] in <8ce0bd04a7a04b4b9395538239d3fdd8>:0 
  at System.Reflection.MethodBase.Invoke (System.Object obj, System.Object[] parameters) [0x00000] in <8ce0bd04a7a04b4b9395538239d3fdd8>:0 
  at UnityEditor.EditorAssemblies.ProcessInitializeOnLoadMethodAttributes () [0x000a5] in <fd823a7663ea4cdb840e6c898e2256ce>:0 
UnityEngine.StackTraceUtility:ExtractStackTrace ()
UnityEngine.DebugLogHandler:LogFormat (UnityEngine.LogType,UnityEngine.Object,string,object[])
UnityEngine.Logger:Log (UnityEngine.LogType,object)
UnityEngine.Debug:LogError (object)
UnityEditor.EditorAssemblies:ProcessInitializeOnLoadMethodAttributes ()

Mono: successfully reloaded assembly
[Package Manager] Server::EnsureServerProcessIsRunning -- launch failed, reason: Unity was launched with the -noUpm command-line argument
[Package Manager] UpmClient::Send -- Unable to send message (not connected to UPM process).
[Package Manager] Cannot connect to Unity Package Manager local server
- Finished resetting the current domain, in  0.862 seconds
Domain Reload Profiling: 1206ms
	BeginReloadAssembly (117ms)
		ExecutionOrderSort (0ms)
		DisableScriptedObjects (2ms)
		BackupInstance (0ms)
		ReleaseScriptingObjects (0ms)
		CreateAndSetChildDomain (37ms)
	RebuildCommonClasses (19ms)
	RebuildNativeTypeToScriptingClass (6ms)
	initialDomainReloadingComplete (18ms)
	LoadAllAssembliesAndSetupDomain (182ms)
		LoadAssemblies (220ms)
		RebuildTransferFunctionScriptingTraits (0ms)
		AnalyzeDomain (14ms)
			TypeCache.Refresh (4ms)
				TypeCache.ScanAssembly (0ms)
			ScanForSourceGeneratedMonoScriptInfo (0ms)
			ResolveRequiredComponents (9ms)
	FinalizeReload (864ms)
		ReleaseScriptCaches (0ms)
		RebuildScriptCaches (0ms)
		SetupLoadedEditorAssemblies (438ms)
			LogAssemblyErrors (0ms)
			InitializePlatformSupportModulesInManaged (15ms)
			SetLoadedEditorAssemblies (2ms)
			RefreshPlugins (0ms)
			BeforeProcessingInitializeOnLoad (69ms)
			ProcessInitializeOnLoadAttributes (305ms)
			ProcessInitializeOnLoadMethodAttributes (39ms)
			AfterProcessingInitializeOnLoad (7ms)
			EditorAssembliesLoaded (0ms)
		ExecutionOrderSort2 (0ms)
		AwakeInstancesAfterBackupRestoration (5ms)
Shader 'Oculus/OVRMRCameraFrameLit': fallback shader 'Alpha-Diffuse' not found
Shader 'Meta/MRUK/Scene/HighlightsAndShadows': fallback shader 'Off' not found
Refreshing native plugins compatible for Editor in 17.53 ms, found 13 plugins.
Preloading 3 native plugins for Editor in 0.16 ms.
Unloading 6033 Unused Serialized files (Serialized files now loaded: 0)
Unloading 83 unused Assets / (478.3 KB). Loaded Objects now: 6603.
Memory consumption went from 207.0 MB to 206.5 MB.
Total: 9.640300 ms (FindLiveObjects: 0.701800 ms CreateObjectMapping: 0.479200 ms MarkObjects: 7.923100 ms  DeleteObjects: 0.534700 ms)

Prepare: number of updated asset objects reloaded= 0
AssetImportParameters requested are different than current active one (requested -> active):
  custom:container-demuxer-ogg: 62fdf1f143b41e24485cea50d1cbac27 -> 
  custom:video-decoder-ogg-theora: a1e56fd34408186e4bbccfd4996cb3dc -> 
  custom:framework-win-MediaFoundation: 216162199b28c13a410421893ffa2e32 -> 
  custom:CustomObjectIndexerAttribute: 9a22284fe3817be447336de3de66b15e -> 
  custom:container-demuxer-webm: 4f35f7cbe854078d1ac9338744f61a02 -> 
  custom:container-muxer-webm: aa71ff27fc2769a1b78a27578f13a17b -> 
  custom:video-decoder-webm-vp8: 9c59270c3fd7afecdb556c50c9e8de78 -> 
  custom:SearchIndexIgnoredProperties: e643bd26f0fe6173181afceb89e7c659 -> 
  custom:AudioImporter_EditorPlatform: d09bf68614088b80899f8185d706f6e7 -> 
  custom:video-encoder-webm-vp8: eb34c28f22e8b96e1ab97ce403110664 -> 
  custom:audio-decoder-ogg-vorbis: bf7c407c2cedff20999df2af8eb42d56 -> 
  custom:audio-encoder-webm-vorbis: bf7c407c2cedff20999df2af8eb42d56 -> 
========================================================================
Received Prepare
Caller must complete domain reload
Begin MonoManager ReloadAssembly
Symbol file LoadedFromMemory is not a mono symbol file
- Loaded All Assemblies, in  0.352 seconds
Native extension for WindowsStandalone target not found
Native extension for Android target not found
[Package Manager] Server::EnsureServerProcessIsRunning -- launch failed, reason: Unity was launched with the -noUpm command-line argument
[Package Manager] UpmClient::Send -- Unable to send message (not connected to UPM process).
[Package Manager] Cannot connect to Unity Package Manager local server
[Package Manager] Server::EnsureServerProcessIsRunning -- launch failed, reason: Unity was launched with the -noUpm command-line argument
[Package Manager] UpmClient::Send -- Unable to send message (not connected to UPM process).
[Package Manager] Cannot connect to Unity Package Manager local server
System.Reflection.TargetInvocationException: Exception has been thrown by the target of an invocation. ---> System.NullReferenceException: Object reference not set to an instance of an object
  at Unity.XR.Oculus.OculusLoader.AssetPathToAbsolutePath (System.String assetPath) [0x0003d] in .\Library\PackageCache\com.unity.xr.oculus@4.2.0\Runtime\OculusLoader.cs:298 
  at Unity.XR.Oculus.OculusLoader.EditorLoadOVRPlugin () [0x0008c] in .\Library\PackageCache\com.unity.xr.oculus@4.2.0\Runtime\OculusLoader.cs:283 
  at (wrapper managed-to-native) System.Reflection.RuntimeMethodInfo.InternalInvoke(System.Reflection.RuntimeMethodInfo,object,object[],System.Exception&)
  at System.Reflection.RuntimeMethodInfo.Invoke (System.Object obj, System.Reflection.BindingFlags invokeAttr, System.Reflection.Binder binder, System.Object[] parameters, System.Globalization.CultureInfo culture) [0x0006a] in <8ce0bd04a7a04b4b9395538239d3fdd8>:0 
   --- End of inner exception stack trace ---
  at System.Reflection.RuntimeMethodInfo.Invoke (System.Object obj, System.Reflection.BindingFlags invokeAttr, System.Reflection.Binder binder, System.Object[] parameters, System.Globalization.CultureInfo culture) [0x00083] in <8ce0bd04a7a04b4b9395538239d3fdd8>:0 
  at System.Reflection.MethodBase.Invoke (System.Object obj, System.Object[] parameters) [0x00000] in <8ce0bd04a7a04b4b9395538239d3fdd8>:0 
  at UnityEditor.EditorAssemblies.ProcessInitializeOnLoadMethodAttributes () [0x000a5] in <fd823a7663ea4cdb840e6c898e2256ce>:0 
UnityEngine.StackTraceUtility:ExtractStackTrace ()
UnityEngine.DebugLogHandler:LogFormat (UnityEngine.LogType,UnityEngine.Object,string,object[])
UnityEngine.Logger:Log (UnityEngine.LogType,object)
UnityEngine.Debug:LogError (object)
UnityEditor.EditorAssemblies:ProcessInitializeOnLoadMethodAttributes ()

Mono: successfully reloaded assembly
[Package Manager] Server::EnsureServerProcessIsRunning -- launch failed, reason: Unity was launched with the -noUpm command-line argument
[Package Manager] UpmClient::Send -- Unable to send message (not connected to UPM process).
[Package Manager] Cannot connect to Unity Package Manager local server
- Finished resetting the current domain, in  0.834 seconds
Domain Reload Profiling: 1180ms
	BeginReloadAssembly (114ms)
		ExecutionOrderSort (0ms)
		DisableScriptedObjects (2ms)
		BackupInstance (0ms)
		ReleaseScriptingObjects (0ms)
		CreateAndSetChildDomain (36ms)
	RebuildCommonClasses (18ms)
	RebuildNativeTypeToScriptingClass (6ms)
	initialDomainReloadingComplete (20ms)
	LoadAllAssembliesAndSetupDomain (188ms)
		LoadAssemblies (221ms)
		RebuildTransferFunctionScriptingTraits (0ms)
		AnalyzeDomain (18ms)
			TypeCache.Refresh (5ms)
				TypeCache.ScanAssembly (0ms)
			ScanForSourceGeneratedMonoScriptInfo (0ms)
			ResolveRequiredComponents (11ms)
	FinalizeReload (834ms)
		ReleaseScriptCaches (0ms)
		RebuildScriptCaches (0ms)
		SetupLoadedEditorAssemblies (421ms)
			LogAssemblyErrors (0ms)
			InitializePlatformSupportModulesInManaged (15ms)
			SetLoadedEditorAssemblies (2ms)
			RefreshPlugins (0ms)
			BeforeProcessingInitializeOnLoad (63ms)
			ProcessInitializeOnLoadAttributes (296ms)
			ProcessInitializeOnLoadMethodAttributes (38ms)
			AfterProcessingInitializeOnLoad (7ms)
			EditorAssembliesLoaded (0ms)
		ExecutionOrderSort2 (0ms)
		AwakeInstancesAfterBackupRestoration (5ms)
Shader 'Oculus/OVRMRCameraFrameLit': fallback shader 'Alpha-Diffuse' not found
Shader 'Meta/MRUK/Scene/HighlightsAndShadows': fallback shader 'Off' not found
Refreshing native plugins compatible for Editor in 20.44 ms, found 13 plugins.
Preloading 3 native plugins for Editor in 0.20 ms.
Unloading 6033 Unused Serialized files (Serialized files now loaded: 0)
Unloading 83 unused Assets / (478.3 KB). Loaded Objects now: 6606.
Memory consumption went from 207.0 MB to 206.5 MB.
Total: 9.212800 ms (FindLiveObjects: 0.721600 ms CreateObjectMapping: 0.402300 ms MarkObjects: 7.675000 ms  DeleteObjects: 0.412200 ms)

Prepare: number of updated asset objects reloaded= 0
AssetImportParameters requested are different than current active one (requested -> active):
  custom:container-demuxer-ogg: 62fdf1f143b41e24485cea50d1cbac27 -> 
  custom:video-decoder-ogg-theora: a1e56fd34408186e4bbccfd4996cb3dc -> 
  custom:framework-win-MediaFoundation: 216162199b28c13a410421893ffa2e32 -> 
  custom:CustomObjectIndexerAttribute: 9a22284fe3817be447336de3de66b15e -> 
  custom:container-demuxer-webm: 4f35f7cbe854078d1ac9338744f61a02 -> 
  custom:container-muxer-webm: aa71ff27fc2769a1b78a27578f13a17b -> 
  custom:video-decoder-webm-vp8: 9c59270c3fd7afecdb556c50c9e8de78 -> 
  custom:SearchIndexIgnoredProperties: e643bd26f0fe6173181afceb89e7c659 -> 
  custom:AudioImporter_EditorPlatform: d09bf68614088b80899f8185d706f6e7 -> 
  custom:video-encoder-webm-vp8: eb34c28f22e8b96e1ab97ce403110664 -> 
  custom:audio-decoder-ogg-vorbis: bf7c407c2cedff20999df2af8eb42d56 -> 
  custom:audio-encoder-webm-vorbis: bf7c407c2cedff20999df2af8eb42d56 -> 
========================================================================
Received Prepare
Caller must complete domain reload
Begin MonoManager ReloadAssembly
Symbol file LoadedFromMemory is not a mono symbol file
- Loaded All Assemblies, in  0.340 seconds
Native extension for WindowsStandalone target not found
Native extension for Android target not found
[Package Manager] Server::EnsureServerProcessIsRunning -- launch failed, reason: Unity was launched with the -noUpm command-line argument
[Package Manager] UpmClient::Send -- Unable to send message (not connected to UPM process).
[Package Manager] Cannot connect to Unity Package Manager local server
[Package Manager] Server::EnsureServerProcessIsRunning -- launch failed, reason: Unity was launched with the -noUpm command-line argument
[Package Manager] UpmClient::Send -- Unable to send message (not connected to UPM process).
[Package Manager] Cannot connect to Unity Package Manager local server
System.Reflection.TargetInvocationException: Exception has been thrown by the target of an invocation. ---> System.NullReferenceException: Object reference not set to an instance of an object
  at Unity.XR.Oculus.OculusLoader.AssetPathToAbsolutePath (System.String assetPath) [0x0003d] in .\Library\PackageCache\com.unity.xr.oculus@4.2.0\Runtime\OculusLoader.cs:298 
  at Unity.XR.Oculus.OculusLoader.EditorLoadOVRPlugin () [0x0008c] in .\Library\PackageCache\com.unity.xr.oculus@4.2.0\Runtime\OculusLoader.cs:283 
  at (wrapper managed-to-native) System.Reflection.RuntimeMethodInfo.InternalInvoke(System.Reflection.RuntimeMethodInfo,object,object[],System.Exception&)
  at System.Reflection.RuntimeMethodInfo.Invoke (System.Object obj, System.Reflection.BindingFlags invokeAttr, System.Reflection.Binder binder, System.Object[] parameters, System.Globalization.CultureInfo culture) [0x0006a] in <8ce0bd04a7a04b4b9395538239d3fdd8>:0 
   --- End of inner exception stack trace ---
  at System.Reflection.RuntimeMethodInfo.Invoke (System.Object obj, System.Reflection.BindingFlags invokeAttr, System.Reflection.Binder binder, System.Object[] parameters, System.Globalization.CultureInfo culture) [0x00083] in <8ce0bd04a7a04b4b9395538239d3fdd8>:0 
  at System.Reflection.MethodBase.Invoke (System.Object obj, System.Object[] parameters) [0x00000] in <8ce0bd04a7a04b4b9395538239d3fdd8>:0 
  at UnityEditor.EditorAssemblies.ProcessInitializeOnLoadMethodAttributes () [0x000a5] in <fd823a7663ea4cdb840e6c898e2256ce>:0 
UnityEngine.StackTraceUtility:ExtractStackTrace ()
UnityEngine.DebugLogHandler:LogFormat (UnityEngine.LogType,UnityEngine.Object,string,object[])
UnityEngine.Logger:Log (UnityEngine.LogType,object)
UnityEngine.Debug:LogError (object)
UnityEditor.EditorAssemblies:ProcessInitializeOnLoadMethodAttributes ()

Mono: successfully reloaded assembly
[Package Manager] Server::EnsureServerProcessIsRunning -- launch failed, reason: Unity was launched with the -noUpm command-line argument
[Package Manager] UpmClient::Send -- Unable to send message (not connected to UPM process).
[Package Manager] Cannot connect to Unity Package Manager local server
- Finished resetting the current domain, in  0.948 seconds
Domain Reload Profiling: 1283ms
	BeginReloadAssembly (109ms)
		ExecutionOrderSort (0ms)
		DisableScriptedObjects (2ms)
		BackupInstance (0ms)
		ReleaseScriptingObjects (0ms)
		CreateAndSetChildDomain (32ms)
	RebuildCommonClasses (18ms)
	RebuildNativeTypeToScriptingClass (6ms)
	initialDomainReloadingComplete (18ms)
	LoadAllAssembliesAndSetupDomain (184ms)
		LoadAssemblies (218ms)
		RebuildTransferFunctionScriptingTraits (0ms)
		AnalyzeDomain (15ms)
			TypeCache.Refresh (5ms)
				TypeCache.ScanAssembly (0ms)
			ScanForSourceGeneratedMonoScriptInfo (0ms)
			ResolveRequiredComponents (9ms)
	FinalizeReload (948ms)
		ReleaseScriptCaches (0ms)
		RebuildScriptCaches (0ms)
		SetupLoadedEditorAssemblies (533ms)
			LogAssemblyErrors (0ms)
			InitializePlatformSupportModulesInManaged (17ms)
			SetLoadedEditorAssemblies (3ms)
			RefreshPlugins (0ms)
			BeforeProcessingInitializeOnLoad (64ms)
			ProcessInitializeOnLoadAttributes (393ms)
			ProcessInitializeOnLoadMethodAttributes (48ms)
			AfterProcessingInitializeOnLoad (8ms)
			EditorAssembliesLoaded (0ms)
		ExecutionOrderSort2 (0ms)
		AwakeInstancesAfterBackupRestoration (6ms)
Shader 'Oculus/OVRMRCameraFrameLit': fallback shader 'Alpha-Diffuse' not found
Shader 'Meta/MRUK/Scene/HighlightsAndShadows': fallback shader 'Off' not found
Refreshing native plugins compatible for Editor in 26.45 ms, found 13 plugins.
Preloading 3 native plugins for Editor in 0.16 ms.
Unloading 6033 Unused Serialized files (Serialized files now loaded: 0)
Unloading 83 unused Assets / (478.5 KB). Loaded Objects now: 6609.
Memory consumption went from 207.0 MB to 206.6 MB.
Total: 9.960500 ms (FindLiveObjects: 0.820300 ms CreateObjectMapping: 0.464800 ms MarkObjects: 8.044500 ms  DeleteObjects: 0.629500 ms)

Prepare: number of updated asset objects reloaded= 0
AssetImportParameters requested are different than current active one (requested -> active):
  custom:container-demuxer-ogg: 62fdf1f143b41e24485cea50d1cbac27 -> 
  custom:video-decoder-ogg-theora: a1e56fd34408186e4bbccfd4996cb3dc -> 
  custom:framework-win-MediaFoundation: 216162199b28c13a410421893ffa2e32 -> 
  custom:CustomObjectIndexerAttribute: 9a22284fe3817be447336de3de66b15e -> 
  custom:container-demuxer-webm: 4f35f7cbe854078d1ac9338744f61a02 -> 
  custom:container-muxer-webm: aa71ff27fc2769a1b78a27578f13a17b -> 
  custom:video-decoder-webm-vp8: 9c59270c3fd7afecdb556c50c9e8de78 -> 
  custom:SearchIndexIgnoredProperties: e643bd26f0fe6173181afceb89e7c659 -> 
  custom:AudioImporter_EditorPlatform: d09bf68614088b80899f8185d706f6e7 -> 
  custom:video-encoder-webm-vp8: eb34c28f22e8b96e1ab97ce403110664 -> 
  custom:audio-decoder-ogg-vorbis: bf7c407c2cedff20999df2af8eb42d56 -> 
  custom:audio-encoder-webm-vorbis: bf7c407c2cedff20999df2af8eb42d56 -> 
